GEOID20,District
34007043046,1
34007175001,1
34007040402,1
34007135005,1
34007005005,1
34007043022,1
34007080014,1
34007090007,1
34007030003,1
34007180102,1
34007170018,1
34007175008,1
34007040303,1
34007135014,1
34007135010,1
34007125002,1
34007055002,1
34007077302,1
34007180106,1
34007180401,1
34007005007,1
34007090002,1
34007110001,1
34007140005,1
34007050001,1
34007075028,1
34007077101,1
34007043027,1
34007180306,1
34007040106,1
34007043026,1
34007075005,1
34007170001,1
34007055001,1
34007180201,1
34007155003,1
34007015002,1
34007100001,1
34007040407,1
34007075019,1
34007180204,1
34007155004,1
34007040401,1
34007170013,1
34007005001,1
34007085004,1
34007025003,1
34007077103,1
34007140002,1
34007110007,1
34007043003,1
34007025001,1
34007130001,1
34007043018,1
34007043043,1
34007120003,1
34007170006,1
34007020002,1
34007030002,1
34007040103,1
34007040101,1
34007180402,1
34007043036,1
34007120001,1
34007135009,1
34007180404,1
34007080002,1
34007045001,1
34007040308,1
34007043019,1
34007040102,1
34007180405,1
34007043010,1
34007043035,1
34007180202,1
34007170017,1
34007175005,1
34007170009,1
34007040209,1
34007075010,1
34007025002,1
34007170003,1
34007150005,1
34007040406,1
34007155001,1
34007100002,1
34007110002,1
34007075006,1
34007160004,1
34007135020,1
34007180105,1
34007040208,1
34007150003,1
34007075013,1
34007180304,1
34007180301,1
34007043033,1
34007040306,1
34007135001,1
34007025004,1
34007110009,1
34007040309,1
34007040211,1
34007080011,1
34007043006,1
34007043024,1
34007080003,1
34007077201,1
34007085009,1
34007080004,1
34007180203,1
34007175004,1
34007170011,1
34007150002,1
34007043039,1
34007110003,1
34007040110,1
34007135016,1
34007015003,1
34007130004,1
34007043047,1
34007040210,1
34007040202,1
34007043001,1
34007130003,1
34007180305,1
34007043014,1
34007077203,1
34007005002,1
34007080012,1
34007050002,1
34007090003,1
34007075009,1
34007015005,1
34007085008,1
34007085003,1
34007075007,1
34007075033,1
34007043004,1
34007170012,1
34007040204,1
34007125003,1
34007110004,1
34007135017,1
34007040105,1
34007125004,1
34007040301,1
34007180205,1
34007135004,1
34007020001,1
34007040206,1
34007015001,1
34007075032,1
34007105001,1
34007075020,1
34007025005,1
34007075001,1
34007077202,1
34007040302,1
34007135012,1
34007075016,1
34007043013,1
34007090001,1
34007135024,1
34007040307,1
34007180104,1
34007075015,1
34007065001,1
34007075002,1
34007080008,1
34007055003,1
34007075012,1
34007040203,1
34007043012,1
34007043048,1
34007075024,1
34007043021,1
34007043029,1
34007055008,1
34007005008,1
34007080010,1
34007040403,1
34007005006,1
34007040405,1
34007043034,1
34007040201,1
34007085001,1
34007180302,1
34007140004,1
34007160006,1
34007043045,1
34007055009,1
34007075021,1
34007175006,1
34007110005,1
34007035001,1
34007050003,1
34007135015,1
34007170005,1
34007135013,1
34007135008,1
34007020004,1
34007135023,1
34007185001,1
34007043007,1
34007065002,1
34007075008,1
34007075026,1
34007075035,1
34007135011,1
34007043041,1
34007150006,1
34007105002,1
34007150004,1
34007077102,1
34007170007,1
34007170002,1
34007043037,1
34007135021,1
34007185002,1
34007040205,1
34007040410,1
34007140001,1
34007115003,1
34007075017,1
34007005003,1
34007075022,1
34007043032,1
34007140006,1
34007005004,1
34007135007,1
34007020003,1
34007090005,1
34007160002,1
34007055010,1
34007075023,1
34007080005,1
34007135006,1
34007175003,1
34007040107,1
34007043008,1
34007180103,1
34007120002,1
34007040409,1
34007077301,1
34007020007,1
34007075027,1
34007030001,1
34007075038,1
34007043020,1
34007080006,1
34007043044,1
34007155002,1
34007055011,1
34007040104,1
34007135002,1
34007043025,1
34007043016,1
34007160005,1
34007043005,1
34007130002,1
34007040408,1
34007043017,1
34007125001,1
34007170014,1
34007160001,1
34007175007,1
34007115002,1
34007180303,1
34007043028,1
34007075011,1
34007075031,1
34007075018,1
34007043009,1
34007043031,1
34007055006,1
34007135003,1
34007085010,1
34007055007,1
34007043002,1
34007170008,1
34007075004,1
34007085002,1
34007180101,1
34007170010,1
34007080013,1
34007043011,1
34007040404,1
34007075034,1
34007090004,1
34007095001,1
34007043015,1
34007075014,1
34007040109,1
34007040305,1
34007135022,1
34007140003,1
34007150001,1
34007075039,1
34007043023,1
34007085007,1
34007043030,1
34007115004,1
34007170016,1
34007110008,1
34007040304,1
34007135019,1
34007043042,1
34007075036,1
34007040207,1
34007080009,1
34007075029,1
34007090006,1
34007020006,1
34007020005,1
34007085005,1
34007015004,1
34007043038,1
34007043040,1
34007055012,1
34007175002,1
34007085006,1
34007055004,1
34007080007,1
34007170004,1
34007080001,1
34007115001,1
34007075003,1
34007075025,1
34007170019,1
34007135018,1
34007040108,1
34007075040,1
34007055005,1
34007160003,1
34007075030,1
34007075037,1
34007170015,1
34007180403,1
34007080015,1
34007165001,1
34007010001,1
34007110006,1
34007145001,1
34005110002,1
34005080003,1
34005040001,1
34005195001,4
34005075103,3
34005190001,6
34005065012,1
34005150006,6
34005170003,4
34005115005,1
34005005001,4
34005150004,6
34005140003,1
34005150001,6
34005150014,4
34005030011,6
34005020001,3
34005095002,3
34005170002,4
34005170005,4
34005125026,1
34005015201,3
34005020003,3
34005050304,1
34005125011,1
34005192004,6
34005075301,3
34005020007,3
34005150007,6
34005080004,1
34005110004,1
34005050102,1
34005115017,1
34005095008,6
34005030013,6
34005115010,1
34005095003,3
34005025402,6
34005100005,1
34005030007,6
34005065014,1
34005050106,1
34005192011,1
34005120003,6
34005100001,1
34005192034,6
34005090006,1
34005175001,6
34005185001,4
34005120004,6
34005125021,1
34005045005,1
34005160001,1
34005110003,1
34005150005,6
34005180002,4
34005180003,4
34005105006,1
34005140008,1
34005065008,1
34005065032,1
34005190002,6
34005015101,3
34005165004,4
34005090001,1
34005065026,1
34005065022,1
34005192005,6
34005120002,6
34005060002,1
34005080001,1
34005190003,6
34005065018,1
34005015301,3
34005160002,1
34005950009,1
34005150009,6
34005115006,1
34005040013,1
34005065017,1
34005065005,1
34005192007,6
34005130001,6
34005025401,6
34005050104,1
34005030008,6
34005075302,3
34005192027,6
34005030010,6
34005125027,1
34005055002,6
34005125014,1
34005075203,3
34005105007,1
34005065011,1
34005065004,1
34005065015,1
34005045002,1
34005065013,1
34005192013,6
34005065028,1
34005192033,6
34005115013,1
34005150012,6
34005105014,1
34005060001,1
34005170004,4
34005025301,6
34005125015,1
34005020008,3
34005150013,6
34005192010,6
34005105016,1
34005115009,1
34005100008,1
34005115001,1
34005125002,1
34005035001,3
34005050206,1
34005115002,1
34005155003,1
34005045001,1
34005090003,1
34005040006,1
34005040004,1
34005095004,3
34005050101,1
34005115019,1
34005100019,1
34005190004,6
34005150010,6
34005065024,1
34005025302,6
34005192018,6
34005170001,4
34005060006,1
34005090005,1
34005120006,6
34005095001,3
34005135003,6
34005080002,1
34005150003,6
34005105008,1
34005180001,4
34005165002,4
34005155005,1
34005140006,1
34005140005,1
34005150002,6
34005155004,1
34005140007,1
34005160003,1
34005045003,1
34005030019,6
34005040007,1
34005192015,6
34005025203,6
34005060004,1
34005035002,3
34005030005,6
34005125022,1
34005015102,3
34005125025,1
34005192029,6
34005030015,6
34005010002,1
34005125006,1
34005100018,1
34005055001,6
34005125020,1
34005192003,6
34005125004,1
34005180005,4
34005075201,3
34005030017,6
34005040018,1
34005010003,1
34005030018,6
34005040005,1
34005100016,1
34005065002,1
34005135002,6
34005115008,1
34005075101,3
34005065003,1
34005175002,6
34005125017,1
34005020006,3
34005040014,1
34005065007,1
34005065010,1
34005020005,3
34005125016,1
34005170006,4
34005090008,1
34005050203,1
34005192025,6
34005060008,1
34005045006,1
34005155008,1
34005065020,1
34005055004,6
34005065025,1
34005125008,1
34005090004,1
34005175003,6
34005030004,6
34005105001,1
34005115004,1
34005192023,6
34005125010,1
34005125005,1
34005110001,1
34005050301,1
34005040009,1
34005125019,1
34005015103,3
34005040002,1
34005100015,1
34005040003,1
34005155001,1
34005105003,1
34005020004,3
34005075202,3
34005040016,1
34005192032,6
34005065030,1
34005065021,1
34005090007,1
34005165003,4
34005100006,1
34005065009,1
34005120005,6
34005192021,6
34005192020,6
34005045004,1
34005155002,1
34005080005,1
34005140002,1
34005030002,6
34005105004,1
34005025201,6
34005192009,6
34005140004,1
34005120007,6
34005010001,1
34005125023,1
34005140001,1
34005105005,1
34005150008,6
34005050303,1
34005190005,6
34005050302,1
34005192002,6
34005030012,6
34005192012,6
34005115012,1
34005065031,1
34005125007,1
34005150011,6
34005192017,6
34005065019,1
34005115015,1
34005105012,1
34005095005,3
34005125018,1
34005025403,6
34005105002,1
34005105015,1
34005192035,6
34005075102,3
34005115003,1
34005192028,6
34005180004,4
34005050204,1
34005135001,6
34005145001,6
34005060005,1
34005120001,6
34005115020,1
34005040015,1
34005030006,6
34005105010,1
34005125003,1
34005105017,1
34005050201,1
34005192014,6
34005200002,6
34005055003,6
34005030003,6
34005100012,1
34005050205,1
34005192022,6
34005192031,6
34005165001,4
34005030016,6
34005100010,1
34005192036,6
34005040020,1
34005100017,1
34005192016,6
34005115011,1
34005025202,6
34005105011,1
34005100013,1
34005100007,1
34005100004,1
34005155007,1
34005100014,1
34005115018,1
34005192026,6
34005100002,1
34005100009,1
34005030001,6
34005105013,1
34005075303,3
34005115007,1
34005125013,1
34005065029,1
34005125001,1
34005025101,6
34005030009,6
34005055007,3
34005192008,6
34005192001,6
34005025303,6
34005125009,1
34005115014,1
34005115016,1
34005192030,6
34005030014,6
34005040017,1
34005050202,1
34005070001,3
34005065006,1
34005040012,1
34005065023,1
34005155006,1
34005050305,1
34005192024,6
34005100011,1
34005060003,1
34005040008,1
34005090002,1
34005192019,6
34005065016,1
34005020002,3
34005025103,6
34005140009,1
34005025102,6
34005050105,1
34005095006,3
34005050306,1
34005192006,6
34005125024,1
34005040019,1
34005050103,1
34005125012,1
34005065001,1
34005060007,1
34005100003,1
34005065027,1
34005040011,1
34005040010,1
34005105009,1
34005200001,6
34015120002,2
34015045001,2
34015050002,2
34015075004,2
34015090011,2
34015070004,2
34015095003,2
34015025010,2
34015055404,2
34015015007,2
34015035001,2
34015010014,2
34015105001,2
34015035002,2
34015025003,2
34015120001,2
34015055120,2
34015020003,2
34015090006,2
34015090001,2
34015095002,2
34015010010,2
34015090002,2
34015055123,2
34015070002,2
34015030009,2
34015055411,2
34015110301,2
34015050012,2
34015110202,2
34015085002,2
34015020004,2
34015100015,2
34015100007,2
34015120005,2
34015015005,2
34015090016,2
34015030002,2
34015010004,2
34015025002,2
34015050009,2
34015100006,2
34015120004,2
34015090039,2
34015090010,2
34015120006,2
34015055124,2
34015035006,2
34015105002,2
34015030006,2
34015005001,2
34015045002,2
34015040004,2
34015100001,2
34015075006,2
34015090008,2
34015015004,2
34015040003,2
34015030012,2
34015090029,2
34015030005,2
34015010021,2
34015055326,2
34015030010,2
34015010002,2
34015060004,2
34015055210,2
34015055216,2
34015055213,2
34015005003,2
34015090037,2
34015060003,2
34015075001,2
34015070003,2
34015050008,2
34015045003,2
34015040009,2
34015100013,2
34015090025,2
34015100008,2
34015055415,2
34015005002,2
34015100016,2
34015050006,2
34015025008,2
34015090009,2
34015050001,2
34015075007,2
34015010022,2
34015055425,2
34015025005,2
34015010007,2
34015110102,2
34015090033,2
34015010006,2
34015015002,2
34015090007,2
34015090019,2
34015030001,2
34015025004,2
34015065001,2
34015090022,2
34015120003,2
34015080001,2
34015005004,2
34015110203,2
34015010019,2
34015090021,2
34015070001,2
34015030008,2
34015115003,2
34015110201,2
34015070005,2
34015110204,2
34015040007,2
34015030003,2
34015100017,2
34015080003,2
34015100004,2
34015025006,2
34015035004,2
34015055117,2
34015110303,2
34015105003,2
34015115002,2
34015005006,2
34015010008,2
34015090028,2
34015090026,2
34015075002,2
34015090003,2
34015090038,2
34015085001,2
34015060002,2
34015055302,2
34015100014,2
34015090020,2
34015090030,2
34015055319,2
34015055214,2
34015015003,2
34015010017,2
34015010012,2
34015050005,2
34015055209,2
34015005005,2
34015055408,2
34015110101,2
34015055201,2
34015010003,2
34015055122,2
34015115004,2
34015040005,2
34015015006,2
34015090036,2
34015050004,2
34015090005,2
34015080002,2
34015050011,2
34015100010,2
34015030011,2
34015100002,2
34015075005,2
34015025007,2
34015055405,2
34015045004,2
34015040008,2
34015120007,2
34015010001,2
34015090031,2
34015090035,2
34015090032,2
34015055203,2
34015100012,2
34015010011,2
34015090012,2
34015100019,2
34015025009,2
34015035005,2
34015055421,2
34015020002,2
34015030004,2
34015090024,2
34015010013,2
34015055107,2
34015015001,2
34015075003,2
34015055306,2
34015010018,2
34015040002,2
34015010020,2
34015055318,2
34015100003,2
34015110302,2
34015110304,2
34015060001,2
34015090034,2
34015050010,2
34015010009,2
34015100011,2
34015120008,2
34015025011,2
34015050003,2
34015040006,2
34015010015,2
34015090027,2
34015050007,2
34015025001,2
34015030013,2
34015010005,2
34015040001,2
34015100005,2
34015090015,2
34015090023,2
34015115001,2
34015110103,2
34015095001,2
34015035003,2
34015030007,2
34015090018,2
34015090004,2
34015055312,2
34015020001,2
34015100018,2
34015010016,2
34015100009,2
34015090017,2
34015090014,2
34015090013,2
34033040001,2
34033035001,2
34033070002,2
34033000705,2
34033050005,2
34033020001,2
34033020002,2
34033050006,2
34033042001,2
34033035002,2
34033001501,2
34033010001,2
34033055002,2
34033000702,2
34033004203,2
34033060E02,2
34033005501,2
34033030001,2
34033004202,2
34033042009,2
34033004208,2
34033045001,2
34033004205,2
3403360W002,2
34033075002,2
34033045002,2
34033050003,2
34033050004,2
34033000501,2
34033045003,2
34033004206,2
34033005002,2
34033004204,2
34033050002,2
34033000704,2
34033070001,2
34033000703,2
34033004002,2
34033050001,2
3403360W001,2
34033007001,2
34033004003,2
34033075001,2
34033042007,2
34033060E01,2
34011035001,2
34011035002,2
34011025003,2
34011060001,2
34011010004,2
34011005101,2
34011065002,2
34011070303,2
34011050202,2
34011035003,2
34011025002,2
34011005301,2
34011015001,2
34011005302,2
34011020002,2
34011050303,2
34011070501,2
34011070403,2
34011070504,2
34011070405,2
34011065001,2
34011070506,2
34011050302,2
34011050506,2
34011070402,2
34011005401,2
34011005402,2
34011005202,2
34011040001,2
34011045001,2
34011070604,2
34011070404,2
34011055001,2
34011050502,2
34011050401,2
34011050505,2
34011005501,2
34011010002,2
34011070608,2
34011050403,2
34011050101,2
34011045002,2
34011020001,2
34011010001,2
34011070607,2
34011050504,2
34011070106,2
34011005201,2
34011070602,2
34011050104,2
34011050503,2
34011070103,2
34011070104,2
34011070101,2
34011070205,2
34011070601,2
34011070610,2
34011010003,2
34011030001,2
34011070605,2
34011050102,2
34011005303,2
34011050301,2
34011050103,2
34011070201,2
34011025004,2
34011050201,2
34011070401,2
34011050501,2
34011050402,2
34011005304,2
34011025001,2
34011070609,2
34011070606,2
34011070406,2
34011070203,2
34011070503,2
34011070407,2
34011070102,2
34011065003,2
34011070301,2
34011070302,2
34011065004,2
34011ZZZZZZ,2
34011005203,2
34011070603,2
34011070206,2
34011005305,2
34011070105,2
34011070505,2
34011070502,2
34011070202,2
34011070204,2
34009140004,2
34009040303,2
34009030004,2
34009040401,2
34009040204,2
34009030013,2
34009025302,2
34009040404,2
34009020008,2
34009005002,2
34009040405,2
34009005001,2
34009030014,2
34009030009,2
34009025305,2
34009030002,2
34009080001,2
34009020007,2
34009055001,2
34009040203,2
34009040104,2
34009055008,2
34009025309,2
34009025204,2
34009075003,2
34009065001,2
34009040305,2
34009055007,2
34009030006,2
34009035101,2
34009075002,2
34009010003,2
34009140001,2
34009035201,2
34009030007,2
34009030010,2
34009035102,2
34009030015,2
34009030018,2
34009025108,2
34009040402,2
34009020003,2
34009060001,2
34009040304,2
34009040102,2
34009020001,2
34009025306,2
34009080002,2
34009040103,2
34009040205,2
34009055002,2
34009025101,2
34009035202,2
34009025201,2
34009045001,2
34009030011,2
34009040403,2
34009010002,2
34009020004,2
34009020006,2
34009025210,2
34009045002,2
34009055004,2
34009040202,2
34009010004,2
34009045004,2
34009025106,2
34009030003,2
34009ZZZZZZ,2
34009030012,2
34009025109,2
34009140002,2
34009010001,2
34009035204,2
34009075001,2
34009015001,2
34009060002,2
34009040302,2
34009055003,2
34009075005,2
34009035104,2
34009055015,2
34009045003,2
34009050002,2
34009040301,2
34009055011,2
34009025208,2
34009005003,2
34009025205,2
34009025307,2
34009040101,2
34009055014,2
34009040201,2
34009010005,2
34009075004,2
34009140003,2
34009025304,2
34009050001,2
34009025202,2
34009035203,2
34009055006,2
34009140005,2
34009025303,2
34009025104,2
34009035103,2
34009025102,2
34009025206,2
34009030016,2
34009025105,2
34009020002,2
34009030008,2
34009020005,2
34009040105,2
34009025107,2
34009025203,2
34009025103,2
34009055012,2
34009030001,2
34009055009,2
34009030005,2
34009030017,2
34009025207,2
34009055005,2
34009025301,2
34009055010,2
34009025308,2
34009055013,2
34009025209,2
34001010301,4
34001110004,2
34001015101,4
34001060006,2
34001040004,2
34001075001,2
34001042201,4
34001060008,2
34001015201,4
34001040010,2
34001060011,2
34001070101,2
34001105203,2
34001060002,2
34001015301,4
34001045001,2
34001040019,2
34001040017,2
34001060012,2
34001055004,4
34001010502,4
34001060005,2
34001040020,2
34001060003,2
34001010403,4
34001095202,2
34001025001,2
34001110005,2
34001025003,2
34001010402,4
34001020001,2
34001042102,4
34001100101,4
34001055005,4
34001055008,4
34001010603,4
34001105104,2
34001080003,2
34001055017,4
34001055002,4
34001115001,2
34001010304,4
34001005101,2
34001085201,4
34001025004,2
34001070203,2
34001105204,2
34001080001,2
34001080002,2
34001042202,4
34001042101,4
34001040001,2
34001025002,2
34001090104,2
34001040016,2
34001115002,2
34001042103,4
34001110001,2
34001040018,2
34001095104,2
34001085101,4
34001090103,2
34001095102,2
34001095201,2
34001110003,2
34001065006,4
34001055015,4
34001040008,2
34001005201,2
34001010602,4
34001040015,2
34001010104,4
34001010302,4
34001010201,4
34001030101,2
34001065004,4
34001020002,2
34001060001,2
34001055009,4
34001095203,2
34001042203,4
34001055016,4
34001040006,2
34001055014,4
34001050001,2
34001040003,2
34001010203,4
34001060010,2
34001110002,2
34001060004,2
34001055013,2
34001060007,2
34001005103,2
34001065007,4
34001010401,4
34001010102,4
34001005202,2
34001070202,2
34001010601,4
34001010303,4
34001065001,4
34001085301,4
34001010501,4
34001100201,4
34001040009,2
34001005203,2
34001055012,4
34001070201,2
34001055010,4
34001010101,4
34001095204,2
34001095103,2
34001065005,4
34001040011,2
34001105102,2
34001015401,4
34001040007,2
34001055007,4
34001090201,2
34001060009,2
34001090203,2
34001040013,2
34001095101,2
34001065003,4
34001105101,2
34001040021,2
34001090101,2
34001040014,2
34001055001,4
34001005102,2
34001010202,4
34001090202,2
34001090204,2
34001105103,2
34001055003,4
34001040012,2
34001070102,2
34001065002,4
34001010103,4
34001010604,4
34001060013,2
34001090102,2
34001055011,4
34001040002,2
34001105201,2
34001040005,2
34001055006,4
34001040022,2
34001080004,2
34001010404,4
34001ZZZZZZ,4
34001105202,2
34029090002,4
34029090024,4
34029120015,4
34029030053,4
34029090034,4
34029020004,4
34029035020,4
34029070009,4
34029020006,4
34029123002,4
34029120009,4
34029050001,4
34029080008,4
34029060001,4
34029030034,4
34029035013,4
34029035032,4
34029120014,4
34029130001,4
34029030026,4
34029070008,4
34029035004,4
34029085002,4
34029030010,4
34029090040,4
34029090008,4
34029060008,4
34029145001,4
34029015001,4
34029055029,4
34029050002,4
34029035012,4
34029003012,4
34029095001,4
34029025319,4
34029035029,4
34029030024,4
34029035002,4
34029030022,4
34029110002,4
34029030029,4
34029080005,4
34029030042,4
34029135002,4
34029080011,4
34029102002,4
34029010001,4
34029070015,4
34029035048,4
34029080013,4
34029003015,4
34029025103,4
34029055020,4
34029150019,4
34029065001,4
34029123003,4
34029145003,4
34029145002,4
34029025332,4
34029090030,4
34029090029,4
34029090039,4
34029105001,4
34029120002,4
34029060007,4
34029025326,4
34029070011,4
34029035014,4
34029055007,4
34029030013,4
34029030021,4
34029140001,4
34029060002,4
34029070028,4
34029035022,4
34029090005,4
34029060009,4
34029025211,4
34029035017,4
34029035034,4
34029035011,4
34029030006,4
34029150001,4
34029070037,4
34029035023,4
34029055002,4
34029150021,4
34029003002,4
34029070013,4
34029035026,4
34029090037,4
34029025424,4
34029025412,4
34029080012,4
34029060014,4
34029060010,4
34029035043,4
34029030044,4
34029160001,4
34029055034,4
34029035007,4
34029080010,4
34029090009,4
34029090027,4
34029025236,4
34029035001,4
34029080007,4
34029075001,4
34029150006,4
34029123004,4
34029155001,4
34029030016,4
34029035019,4
34029070024,4
34029055009,4
34029090012,4
34029060006,4
34029025330,4
34029085003,4
34029035058,4
34029020002,4
34029030057,4
34029025415,4
34029150005,4
34029030033,4
34029020001,4
34029030018,4
34029055016,4
34029080006,4
34029035021,4
34029070001,4
34029035054,4
34029055028,4
34029090003,4
34029030045,4
34029090019,4
34029085001,4
34029025417,4
34029030032,4
34029030050,4
34029025235,4
34029035041,4
34029003005,4
34029003007,4
34029025308,4
34029070021,4
34029030007,4
34029060004,4
34029035009,4
34029030051,4
34029160002,4
34029135001,4
34029150017,4
34029025206,4
34029030038,4
34029030031,4
34029035051,4
34029060005,4
34029070043,4
34029025107,4
34029070016,4
34029055024,4
34029150012,4
34029080009,4
34029030025,4
34029030055,4
34029025313,4
34029070007,4
34029003009,4
34029055030,4
34029030028,4
34029035031,4
34029090021,4
34029070030,4
34029150011,4
34029003001,4
34029040001,4
34029070017,4
34029055019,4
34029150020,4
34029150010,4
34029055006,4
34029115006,4
34029150013,4
34029080004,4
34029030043,4
34029055018,4
34029035005,4
34029020005,4
34029055021,4
34029055011,4
34029055001,4
34029115003,4
34029090033,4
34029060011,4
34029030036,4
34029005001,4
34029025116,4
34029055014,4
34029070026,4
34029070005,4
34029090036,4
34029123001,4
34029102001,4
34029030027,4
34029102004,4
34029030056,4
34029030023,4
34029020007,4
34029030001,4
34029115004,4
34029025438,4
34029003014,4
34029035037,4
34029030020,4
34029035016,4
34029120013,4
34029025414,4
34029090025,4
34029080016,4
34029080014,4
34029055005,4
34029102003,4
34029030039,4
34029150016,4
34029060017,4
34029150008,4
34029120010,4
34029070032,4
34029ZZZZZZ,4
34029035006,4
34029055027,4
34029120001,4
34029110001,4
34029150004,4
34029025301,4
34029090016,4
34029055033,4
34029030003,4
34029025421,4
34029090026,4
34029060013,4
34029030011,4
34029090023,4
34029120012,4
34029055023,4
34029030009,4
34029030005,4
34029030014,4
34029070006,4
34029045001,4
34029030017,4
34029070010,4
34029035040,4
34029003004,4
34029055004,4
34029055022,4
34029003013,4
34029115002,4
34029035036,4
34029035038,4
34029035061,4
34029035008,4
34029035053,4
34029025409,4
34029035039,4
34029070014,4
34029003006,4
34029030015,4
34029120007,4
34029070031,4
34029090038,4
34029055026,4
34029070036,4
34029150002,4
34029035049,4
34029070004,4
34029030008,4
34029035035,4
34029030012,4
34029090032,4
34029070025,4
34029025139,4
34029035015,4
34029035055,4
34029070041,4
34029090006,4
34029025137,4
34029030046,4
34029025104,4
34029035030,4
34029030047,4
34029055017,4
34029102006,4
34029070012,4
34029020003,4
34029055003,4
34029070035,4
34029080002,4
34029025134,4
34029035056,4
34029030052,4
34029035033,4
34029060018,4
34029030030,4
34029070040,4
34029030002,4
34029035059,4
34029025240,4
34029055031,4
34029080001,4
34029025320,4
34029070042,4
34029035046,4
34029120003,4
34029025331,4
34029070038,4
34029120006,4
34029025418,4
34029035042,4
34029090028,4
34029030004,4
34029090001,4
34029090010,4
34029035052,4
34029120005,4
34029150009,4
34029070029,4
34029120011,4
34029060016,4
34029030041,4
34029035028,4
34029150014,4
34029035024,4
34029090014,4
34029090015,4
34029025425,4
34029120004,4
34029035003,4
34029055025,4
34029090020,4
34029055013,4
34029030019,4
34029075002,4
34029025205,4
34029090011,4
34029090018,4
34029070002,4
34029035025,4
34029120008,4
34029055010,4
34029070018,4
34029090013,4
34029030037,4
34029003008,4
34029003003,4
34029025410,4
34029030048,4
34029035063,4
34029120016,4
34029035057,4
34029035010,4
34029150003,4
34029090004,4
34029030040,4
34029035027,4
34029060003,4
34029090035,4
34029025102,4
34029035060,4
34029115005,4
34029090031,4
34029055008,4
34029035047,4
34029025428,4
34029003011,4
34029150007,4
34029030054,4
34029025327,4
34029025423,4
34029115001,4
34029060012,4
34029090017,4
34029035018,4
34029035045,4
34029030035,4
34029060015,4
34029150015,4
34029025233,4
34029055032,4
34029080003,4
34029055015,4
34029070003,4
34029055012,4
34029030049,4
34029080015,4
34029035044,4
34029035062,4
34029025000,4
34029025422,4
34029150018,4
34029070020,4
34029025329,4
34029070039,4
34029003010,4
34029070033,4
34029070022,4
34029090022,4
34029090007,4
34029035050,4
34029070023,4
34029070019,4
34029102005,4
34029070034,4
34029070027,4
34025155018,6
34025140022,6
34025015007,6
34025005001,6
34025250002,6
34025090005,6
34025247007,6
34025003009,6
34025155011,6
34025155013,6
34025260009,6
34025140019,6
34025247005,6
34025065006,6
34025030001,6
34025245003,6
34025260012,6
34025155009,6
34025003003,6
34025115001,6
34025082004,6
34025260004,6
34025115007,6
34025172001,6
34025080001,6
34025170015,6
34025260002,6
34025130019,6
34025003004,6
34025250004,6
34025240003,6
34025035002,6
34025055001,6
34025155025,6
34025095019,6
34025130016,6
34025265003,6
34025015001,6
34025155004,6
34025105003,6
34025082011,6
34025025002,6
34025003013,6
34025100001,6
34025095027,6
34025170001,6
34025185012,6
34025090010,6
34025047001,6
34025140012,6
34025172002,6
34025125002,6
34025082015,6
34025025003,6
34025055003,6
34025095014,6
34025070001,6
34025047002,6
34025090003,6
34025080005,6
34025125017,6
34025082016,6
34025260015,6
34025095030,6
34025080016,6
34025080020,6
34025030002,6
34025055004,6
34025247015,6
34025247001,6
34025025004,6
34025095003,6
34025080019,6
34025105002,6
34025155036,6
34025140027,6
34025140002,6
34025105004,6
34025105005,6
34025200008,6
34025095018,6
34025155001,6
34025075005,6
34025170012,6
34025130013,6
34025210003,6
34025225003,6
34025080009,6
34025170016,6
34025090004,6
34025145001,6
34025140001,6
34025047007,6
34025170003,6
34025155033,6
34025155016,6
34025185005,6
34025185014,6
34025095011,6
34025130027,6
34025130021,6
34025110002,6
34025035003,6
34025082014,6
34025170002,6
34025235001,6
34025170019,6
34025080018,6
34025255003,6
34025170009,6
34025080012,6
34025010002,6
34025105006,6
34025140020,6
34025265002,6
34025125011,6
34025155007,6
34025047003,6
34025080023,6
34025260003,6
34025170014,6
34025155044,6
34025170004,6
34025050001,6
34025110005,6
34025185011,6
34025170020,6
34025110003,6
34025155037,6
34025185006,6
34025090007,6
34025185015,6
34025130007,6
34025220001,6
34025082003,6
34025095010,6
34025185022,6
34025140025,6
34025015009,6
34025080007,6
34025155028,6
34025075004,6
34025095029,6
34025085002,6
34025155015,6
34025095022,6
34025130012,6
34025225002,6
34025080025,6
34025095023,6
34025095001,6
34025125014,6
34025260013,6
34025125003,6
34025155012,6
34025155008,6
34025082012,6
34025200007,6
34025130014,6
34025110001,6
34025155035,6
34025160004,6
34025047005,6
34025140021,6
34025250005,6
34025245004,6
34025215002,6
34025095005,6
34025120001,6
34025185013,6
34025140014,6
34025140015,6
34025095008,6
34025095007,6
34025260001,6
34025160002,6
34025095012,6
34025170013,6
34025190002,6
34025255004,6
34025125007,6
34025140004,6
34025125004,6
34025080014,6
34025125015,6
34025080015,6
34025047006,6
34025135004,6
34025125012,6
34025240002,6
34025260018,6
34025155031,6
34025160001,6
34025155029,6
34025190001,6
34025200001,6
34025260010,6
34025172003,6
34025140005,6
34025095024,6
34025082001,6
34025155032,6
34025095002,6
34025210005,6
34025240001,6
34025095026,6
34025140026,6
34025247013,6
34025185020,6
34025185003,6
34025015004,6
34025200006,6
34025260017,6
34025155042,6
34025200002,6
34025260014,6
34025110004,6
34025080021,6
34025003007,6
34025082002,6
34025095004,6
34025130008,6
34025260016,6
34025125001,6
34025055002,6
34025135001,6
34025082005,6
34025095031,6
34025003002,6
34025160003,6
34025200009,6
34025140009,6
34025125016,6
34025155027,6
34025130005,6
34025170006,6
34025210004,6
34025155023,6
34025255001,6
34025085001,6
34025040003,6
34025145005,6
34025155003,6
34025250001,6
34025095017,6
34025170007,6
34025015008,6
34025045001,6
34025080017,6
34025035005,6
34025080010,6
34025220002,6
34025140018,6
34025130003,6
34025165001,6
34025090001,6
34025160007,6
34025055007,6
34025095015,6
34025003001,6
34025125009,6
34025247002,6
34025210006,6
34025075007,6
34025265004,6
34025095013,6
34025115002,6
34025115004,6
34025055008,6
34025160005,6
34025185009,6
34025090006,6
34025130001,6
34025247010,6
34025040001,6
34025040002,6
34025245002,6
34025185019,6
34025155014,6
34025155006,6
34025155010,6
34025260008,6
34025130025,6
34025155002,6
34025082013,6
34025185007,6
34025185008,6
34025125005,6
34025185002,6
34025140010,6
34025155020,6
34025140003,6
34025085004,6
34025172004,6
34025130006,6
34025015006,6
34025155045,6
34025255002,6
34025265001,6
34025170005,6
34025210002,6
34025260011,6
34025003008,6
34025095020,6
34025015005,6
34025155022,6
34025125010,6
34025065005,6
34025015002,6
34025170017,6
34025110006,6
34025140008,6
34025205001,6
34025170010,6
34025155024,6
34025250003,6
34025125013,6
34025003006,6
34025185017,6
34025247014,6
34025130018,6
34025095025,6
34025080011,6
34025155034,6
34025055005,6
34025135003,6
34025090009,6
34025140007,6
34025080002,6
34025035001,6
34025185016,6
34025185010,6
34025155021,6
34025215001,6
34025082009,6
34025260007,6
34025130017,6
34025165002,6
34025080024,6
34025140023,6
34025247003,6
34025080026,6
34025145006,6
34025185001,6
34025082017,6
34025045002,6
34025155026,6
34025130010,6
34025140013,6
34025130023,6
34025260005,6
34025082006,6
34025060001,6
34025055009,6
34025145003,6
34025170008,6
34025095016,6
34025040004,6
34025080004,6
34025245005,6
34025095028,6
34025140011,6
34025140006,6
34025130026,6
34025015003,6
34025190003,6
34025155030,6
34025025001,6
34025115006,6
34025247004,6
34025065002,6
34025260006,6
34025200004,6
34025155046,6
34025247009,6
34025095032,6
34025130022,6
34025003010,6
34025125008,6
34025170011,6
34025082010,6
34025075001,6
34025047004,6
34025240004,6
34025245001,6
34025265005,6
34025155043,6
34025185004,6
34025135002,6
34025130009,6
34025260019,6
34025145002,6
34025190005,6
34025225001,6
34025ZZZZZZ,6
34025080003,6
34025045003,6
34025082007,6
34025085003,6
34025115005,6
34025155017,6
34025155019,6
34025125006,6
34025210001,6
34025065001,6
34025130024,6
34025185021,6
34025035004,6
34025130015,6
34025003012,6
34025075002,6
34025145004,6
34025185018,6
34025010001,6
34025080006,6
34025080008,6
34025095021,6
34025155005,6
34025200003,6
34025080022,6
34025090002,6
34025130004,6
34025155038,6
34025140024,6
34025075003,6
34025065003,6
34025140017,6
34025082008,6
34025247012,6
34025065004,6
34025130002,6
34025095006,6
34025105001,6
34025090008,6
34025003011,6
34025155039,6
34025047008,6
34025055006,6
34025095009,6
34025155041,6
34025140016,6
34025170018,6
34025190004,6
34025160006,6
34025145007,6
34025075006,6
34025247006,6
34025155040,6
34025265006,6
34025115003,6
34025200005,6
34025140028,6
34025080013,6
34025130020,6
34025003005,6
34025130011,6
34025247008,6
34025230001,6
34025247011,6
34021055N11,3
34021055E09,3
34021055N05,3
34021035006,3
34021055W15,3
34021055N12,3
34021055N03,3
34021015025,3
34021050008,3
34021060001,3
34021010005,3
34021055W07,3
34021015047,3
34021005004,3
34021055W10,3
34021010019,3
34021055N06,3
34021055W13,3
34021055S02,3
34021055S03,3
34021015022,3
34021015016,3
34021055E04,3
34021035002,3
34021005002,3
34021035003,3
34021010004,3
34021065004,3
34021055E05,3
34021015040,3
34021015010,3
34021015046,3
34021015033,3
34021015045,3
34021015037,3
34021015064,3
34021055E03,3
34021060003,3
34021055N02,3
34021015006,3
34021015049,3
34021015018,3
34021055S08,3
34021015027,3
34021005005,3
34021010011,3
34021010009,3
34021015003,3
34021055N01,3
34021050010,3
34021010006,3
34021015009,3
34021030011,3
34021035013,3
34021010001,3
34021010024,3
34021035021,3
34021010002,3
34021015038,3
34021065003,3
34021015056,3
34021050013,3
34021010023,3
34021015042,3
34021055N07,3
34021055S07,3
34021055E08,3
34021055W14,3
34021010010,3
34021055W05,3
34021055N09,3
34021015043,3
34021015063,3
34021035012,3
34021015004,3
34021015014,3
34021050011,3
34021015028,3
34021050020,3
34021020003,3
34021015012,3
34021010020,3
34021035011,3
34021015023,3
34021015051,3
34021015055,3
34021055N08,3
34021030008,3
34021010027,3
34021055S09,3
34021015011,3
34021030002,3
34021015021,3
34021055W09,3
34021065010,3
34021035016,3
34021015039,3
34021015036,3
34021065011,3
34021030007,3
34021055W16,3
34021060009,3
34021055E01,3
34021055W08,3
34021005008,3
34021015020,3
34021060002,3
34021005006,3
34021055E06,3
34021010028,3
34021015041,3
34021050001,3
34021005003,3
34021010021,3
34021025001,3
34021050018,3
34021040001,3
34021015061,3
34021050022,3
34021050014,3
34021065013,3
34021065012,3
34021010007,3
34021015007,3
34021005010,3
34021015005,3
34021055N10,3
34021015013,3
34021035019,3
34021055W01,3
34021055S01,3
34021020002,3
34021015030,3
34021035005,3
34021065009,3
34021060005,3
34021060007,3
34021035020,3
34021005013,3
34021050009,3
34021055W11,3
34021035018,3
34021010014,3
34021055S06,3
34021050016,3
34021035004,3
34021010017,3
34021010016,3
34021015035,3
34021015024,3
34021065014,3
34021050004,3
34021055W02,3
34021015017,3
34021015031,3
34021030012,3
34021065016,3
34021015032,3
34021005009,3
34021055W03,3
34021005014,3
34021005007,3
34021055E02,3
34021030005,3
34021030010,3
34021015052,3
34021030003,3
34021050019,3
34021050003,3
34021065015,3
34021040002,3
34021020001,3
34021060006,3
34021010026,3
34021055N04,3
34021010015,3
34021050021,3
34021055W12,3
34021015050,3
34021015029,3
34021010003,3
34021015034,3
34021030001,3
34021025002,3
34021050002,3
34021015044,3
34021050005,3
34021055S04,3
34021035017,3
34021015001,3
34021035007,3
34021015062,3
34021010008,3
34021050006,3
34021050012,3
34021015019,3
34021055S05,3
34021010018,3
34021065006,3
34021015015,3
34021010012,3
34021015053,3
34021060004,3
34021050017,3
34021030006,3
34021065007,3
340210055E7,3
34021050015,3
34021035015,3
34021015059,3
34021065005,3
34021015026,3
34021050007,3
34021065002,3
34021035008,3
34021055W04,3
34021010022,3
34021065008,3
34021005001,3
34021055W06,3
34021015057,3
34021015060,3
34021015048,3
34021010013,3
34021035014,3
34021030009,3
34021030004,3
34021020004,3
34021035010,3
34021035009,3
34021060008,3
34021065001,3
34021035001,3
34021005011,3
34021040003,3
34021015008,3
34021015058,3
34021015054,3
34021005012,3
34021010025,3
34021005016,3
34021015002,3
34021005015,3
34023077101,12
34023085203,11
34023090004,12
34023005017,12
34023065211,12
34023025054,12
34023025050,12
34023077103,12
34023080610,12
34023080602,12
34023090008,12
34023085304,11
34023020038,12
34023055007,11
34023025012,12
34023077508,12
34023110011,12
34023015001,11
34023110014,11
34023005005,12
34023050010,12
34023125410,12
34023077604,12
34023020014,12
34023050006,12
34023025057,12
34023075002,12
34023105025,12
34023120005,12
34023115009,12
34023110007,11
34023125508,12
34023125512,12
34023077608,12
34023105007,12
34023070101,12
34023085410,11
34023085302,11
34023025028,12
34023125105,12
34023055008,11
34023077605,12
34023125104,12
34023090005,12
34023125201,12
34023070105,12
34023025055,12
34023025017,12
34023035002,12
34023125503,12
34023080501,12
34023125204,12
34023125513,12
34023125209,12
34023090006,12
34023020012,12
34023110009,12
34023025046,12
34023125107,12
34023125305,12
34023125302,12
34023065106,12
34023077205,12
34023125110,12
34023035010,12
34023065116,12
34023077201,12
34023080612,12
34023095006,12
34023075013,12
34023020026,12
34023070502,12
34023120004,12
34023025073,12
34023125214,12
34023005007,12
34023095022,12
34023020029,12
34023085206,11
34023105013,12
34023095021,12
34023077303,12
34023125514,12
34023065203,12
34023025058,12
34023025027,12
34023110004,12
34023020008,12
34023125202,12
34023005015,12
34023125413,12
34023125313,12
34023125402,12
34023095010,12
34023125303,12
34023115012,12
34023125310,12
34023125407,12
34023120002,12
34023060003,12
34023005011,12
34023050005,12
34023025036,12
34023110012,12
34023025059,12
34023110010,12
34023120003,12
34023080605,12
34023125311,12
34023060009,12
34023095032,12
34023085409,11
34023065204,12
34023025052,12
34023085101,11
34023085408,11
34023095008,12
34023095005,12
34023085301,11
34023085207,11
34023105017,12
34023025004,12
34023075011,12
34023115011,12
34023020011,12
34023105022,12
34023020003,12
34023025071,12
34023075006,12
34023075014,12
34023095031,12
34023125102,12
34023020006,12
34023080609,12
34023077406,12
34023125502,12
34023077204,12
34023085103,11
34023010003,12
34023070102,12
34023060001,12
34023020025,12
34023060004,12
34023125203,12
34023065114,12
34023065109,12
34023080503,12
34023100102,12
34023095004,12
34023095026,12
34023075007,12
34023065209,12
34023085308,11
34023005016,12
34023095027,12
34023080611,12
34023085403,11
34023040001,12
34023125409,12
34023105015,12
34023125211,12
34023105004,12
34023080302,12
34023070206,12
34023125406,12
34023070501,12
34023070404,12
34023105027,12
34023025067,12
34023085406,11
34023095028,12
34023125207,12
34023105002,12
34023105026,12
34023025001,12
34023025034,12
34023095034,12
34023020001,12
34023085405,11
34023065212,12
34023035005,12
34023125205,12
34023025010,12
34023065305,12
34023077307,12
34023025023,12
34023065202,12
34023070207,12
34023125509,12
34023055010,11
34023085310,11
34023025031,12
34023115001,12
34023095015,12
34023020018,12
34023055004,11
34023025077,12
34023025062,12
34023085303,11
34023077501,12
34023095025,12
34023060007,12
34023005012,12
34023020037,12
34023065117,12
34023075019,12
34023005019,12
34023125304,12
34023125212,12
34023020007,12
34023040003,12
34023050002,12
34023065111,12
34023085109,11
34023125517,12
34023125404,12
34023095003,12
34023085309,11
34023025014,12
34023077409,12
34023077401,12
34023020002,12
34023025033,12
34023020034,12
34023095001,12
34023080201,12
34023080402,12
34023070604,12
34023035011,12
34023030001,12
34023125108,12
34023085209,11
34023085204,11
34023085107,11
34023115014,12
34023020004,12
34023070104,12
34023050011,12
34023077108,12
34023125401,12
34023075022,12
34023100103,12
34023125403,12
34023070203,12
34023105019,12
34023077606,12
34023025002,12
34023020030,12
34023077207,12
34023025016,12
34023065207,12
34023110002,12
34023085102,11
34023080103,12
34023065206,12
34023095007,12
34023025066,12
34023125408,12
34023055006,11
34023055002,11
34023065309,12
34023065201,12
34023065101,12
34023077102,12
34023070201,12
34023075001,12
34023065301,12
34023077203,12
34023090011,12
34023090007,12
34023077208,12
34023025075,12
34023100301,12
34023100302,12
34023110015,11
34023075015,12
34023070402,12
34023005004,12
34023125515,12
34023050001,12
34023065113,12
34023025032,12
34023025022,12
34023025044,12
34023115007,12
34023050003,12
34023125505,12
34023040004,12
34023075027,12
34023005009,12
34023075020,12
34023020016,12
34023075008,12
34023065310,12
34023025024,12
34023060002,12
34023105018,12
34023025068,12
34023025037,12
34023110003,12
34023105001,12
34023025038,12
34023065112,12
34023020020,12
34023020033,12
34023080404,12
34023080607,12
34023095030,12
34023085201,11
34023080405,12
34023115003,12
34023005006,12
34023020022,12
34023125516,12
34023105016,12
34023125114,12
34023065110,12
34023125518,12
34023050013,12
34023125405,12
34023025035,12
34023125213,12
34023070202,12
34023077507,12
34023077109,12
34023025042,12
34023055001,11
34023125301,12
34023015005,11
34023065105,12
34023105028,12
34023095033,12
34023085305,11
34023077506,12
34023125215,12
34023095009,12
34023077202,12
34023065308,12
34023090003,12
34023085306,11
34023080606,12
34023115006,12
34023125501,12
34023025026,12
34023010002,12
34023085106,11
34023025064,12
34023025076,12
34023077302,12
34023070605,12
34023080601,12
34023025018,12
34023025045,12
34023025065,12
34023025013,12
34023065307,12
34023125412,12
34023025056,12
34023065102,12
34023085202,11
34023070401,12
34023085210,11
34023095014,12
34023020036,12
34023075021,12
34023025051,12
34023077104,12
34023080603,12
34023020039,12
34023125103,12
34023085205,11
34023120001,12
34023085401,11
34023125511,12
34023025078,12
34023125507,12
34023075009,12
34023070603,12
34023095023,12
34023075017,12
34023125109,12
34023095017,12
34023125504,12
34023125414,12
34023095011,12
34023100203,12
34023020005,12
34023025069,12
34023105030,12
34023105003,12
34023070602,12
34023125113,12
34023125101,12
34023010001,12
34023015006,11
34023080401,12
34023035004,12
34023080613,12
34023090001,12
34023015002,11
34023125307,12
34023100202,12
34023065215,12
34023060008,12
34023075018,12
34023005001,12
34023095012,12
34023095016,12
34023077304,12
34023055005,11
34023075005,12
34023095002,12
34023020021,12
34023070503,12
34023025041,12
34023025061,12
34023075025,12
34023110008,12
34023105024,12
34023020010,12
34023050008,12
34023005008,12
34023005014,12
34023085104,11
34023025030,12
34023115008,12
34023077305,12
34023125510,12
34023077105,12
34023070606,12
34023065103,12
34023050012,12
34023077107,12
34023025040,12
34023075024,12
34023077510,12
34023020013,12
34023020015,12
34023020032,12
34023077601,12
34023025072,12
34023070103,12
34023065302,12
34023125306,12
34023065304,12
34023085307,11
34023080502,12
34023110001,11
34023085407,11
34023065306,12
34023070405,12
34023125506,12
34023005003,12
34023080406,12
34023025020,12
34023115013,12
34023110006,12
34023025021,12
34023125106,12
34023050009,12
34023077110,12
34023090013,12
34023120006,12
34023100201,12
34023105023,12
34023020019,12
34023025049,12
34023095013,12
34023065208,12
34023105021,12
34023040002,12
34023035003,12
34023025060,12
34023077607,12
34023080102,12
34023015004,11
34023077407,12
34023065213,12
34023015003,11
34023077503,12
34023020027,12
34023125411,12
34023125312,12
34023077403,12
34023025009,12
34023110013,12
34023025006,12
34023095018,12
34023025063,12
34023020017,12
34023005018,12
34023105005,12
34023035012,12
34023090002,12
34023005010,12
34023025019,12
34023105010,12
34023125115,12
34023080604,12
34023080202,12
34023070204,12
34023090012,12
34023085105,11
34023070601,12
34023005013,12
34023115004,12
34023020031,12
34023075004,12
34023005002,12
34023085108,11
34023025029,12
34023025048,12
34023100101,12
34023077504,12
34023035006,12
34023125208,12
34023055009,11
34023077408,12
34023077404,12
34023085404,11
34023125210,12
34023105009,12
34023077509,12
34023080105,12
34023080403,12
34023065104,12
34023077502,12
34023100303,12
34023080614,12
34023025008,12
34023035013,12
34023105020,12
34023125309,12
34023025007,12
34023077106,12
34023060006,12
34023065205,12
34023077306,12
34023025025,12
34023105011,12
34023105006,12
34023035009,12
34023055003,11
34023077602,12
34023020028,12
34023035007,12
34023020024,12
34023035008,12
34023025047,12
34023065115,12
34023050007,12
34023115002,12
34023065210,12
34023075023,12
34023105008,12
34023077402,12
34023065107,12
34023095029,12
34023075012,12
34023125206,12
34023070403,12
34023065311,12
34023115005,12
34023025003,12
34023080301,12
34023020040,12
34023025015,12
34023050004,12
34023025011,12
34023020009,12
34023077405,12
34023115010,12
34023075010,12
34023090009,12
34023070205,12
34023095019,12
34023025043,12
34023105029,12
34023095024,12
34023025070,12
34023085208,11
34023080101,12
34023075016,12
34023077603,12
34023090010,12
34023080608,12
34023020023,12
34023125111,12
34023120007,12
34023025005,12
34023025039,12
34023077505,12
34023125112,12
34023095020,12
34023125308,12
34023065303,12
34023065108,12
34023060005,12
34023070106,12
34023075026,12
34023105012,12
34023110005,11
34023020035,12
34023035001,12
34023065214,12
34023025053,12
34023075003,12
34023077301,12
34023077206,12
34023080104,12
34023070504,12
34023105014,12
34023085402,11
34023025074,12
34031075009,9
34031010205,9
34031005003,9
34031010307,9
34031070104,9
34031010302,9
34031010106,9
34031040605,9
34031010110,9
34031020402,9
34031020401,9
34031040102,9
34031010105,9
34031055005,9
34031055004,9
34031035304,9
34031070101,9
34031010102,9
34031010506,9
34031010505,9
34031010503,9
34031040103,9
34031070207,9
34031040610,9
34031010404,9
34031040603,9
34031055007,9
34031025008,9
34031040204,9
34031010204,9
34031040503,9
34031040504,9
34031040602,9
34031045001,9
34031075011,9
34031075001,9
34031030006,9
34031035306,9
34031040505,9
34031005005,9
34031060006,9
34031070603,9
34031065004,9
34031040202,9
34031040408,9
34031040409,9
34031040502,9
34031040212,9
34031010101,9
34031005001,9
34031025001,9
34031015006,9
34031040403,9
34031075012,9
34031020302,9
34031075010,9
34031020304,9
34031020303,9
34031040110,9
34031020201,9
34031010117,9
34031070206,9
34031075002,9
34031040411,9
34031010403,9
34031040108,9
34031020103,9
34031035401,9
34031010109,9
34031075006,9
34031025007,9
34031025009,9
34031040104,9
34031040112,9
34031070106,9
34031040210,9
34031025002,9
34031010208,9
34031075008,9
34031065002,9
34031010405,9
34031040309,9
34031010121,9
34031035204,9
34031080003,9
34031010308,9
34031010207,9
34031010123,9
34031075004,9
34031070407,9
34031070202,9
34031070204,9
34031005004,9
34031025006,9
34031035104,9
34031040101,9
34031010118,9
34031075005,9
34031015004,9
34031020403,9
34031040209,9
34031040203,9
34031035403,9
34031080005,9
34031080004,9
34031015002,9
34031010112,9
34031070303,9
34031040406,9
34031070604,9
34031025004,9
34031080002,9
34031015005,9
34031040303,9
34031050001,9
34031035102,9
34031075003,9
34031065008,9
34031005002,9
34031040201,9
34031040106,9
34031070103,9
34031040507,9
34031025003,9
34031065006,9
34031030002,9
34031035103,9
34031060001,9
34031040109,9
34031020203,9
34031040305,9
34031010206,9
34031040410,9
34031045006,9
34031065007,9
34031010306,9
34031040208,9
34031055001,9
34031060004,9
34031010119,9
34031035404,9
34031010115,9
34031040404,9
34031010120,9
34031040405,9
34031040506,9
34031020202,9
34031070405,9
34031040402,9
34031045005,9
34031040313,9
34031040501,9
34031080007,9
34031030001,9
34031045003,9
34031070606,9
34031010116,9
34031070105,9
34031035207,9
34031040306,9
34031070406,9
34031070306,9
34031040302,9
34031035305,9
34031035309,9
34031070205,9
34031035301,9
34031030004,9
34031075013,9
34031040311,9
34031040508,9
34031065005,9
34031040312,9
34031070602,9
34031040608,9
34031035310,9
34031010108,9
34031025005,9
34031010113,9
34031060002,9
34031010202,9
34031040606,9
34031070307,9
34031070404,9
34031070402,9
34031070607,9
34031010104,9
34031040407,9
34031010103,9
34031040105,9
34031050004,9
34031040107,9
34031010201,9
34031030005,9
34031040211,9
34031010305,9
34031040111,9
34031040607,9
34031070308,9
34031035206,9
34031040307,9
34031040205,9
34031070102,9
34031040601,9
34031075007,9
34031010504,9
34031070504,9
34031020101,9
34031070201,9
34031035402,9
34031070601,9
34031040310,9
34031030007,9
34031010114,9
34031045004,9
34031035303,9
34031035203,9
34031070401,9
34031020301,9
34031010301,9
34031065001,9
34031045002,9
34031015001,9
34031055002,9
34031035205,9
34031050003,9
34031035308,9
34031010401,9
34031010122,9
34031040207,9
34031055008,9
34031070203,9
34031040301,9
34031010502,9
34031040611,9
34031035201,9
34031080001,9
34031035307,9
34031010303,9
34031010304,9
34031040609,9
34031070305,9
34031010107,9
34031035302,9
34031070403,9
34031035209,9
34031035406,9
34031040206,9
34031010501,9
34031035208,9
34031070502,9
34031055006,9
34031050002,9
34031060003,9
34031010402,9
34031030003,9
34031040308,9
34031035101,9
34031020102,9
34031040509,9
34031070301,9
34031070302,9
34031010203,9
34031055003,9
34031010209,9
34031040304,9
34031040401,9
34031035202,9
34031040604,9
34031055009,9
34031070309,9
34031015003,9
34031070503,9
34031070605,9
34031080006,9
34031070505,9
34031065003,9
34031010210,9
34031035405,9
34031060005,9
34031035407,9
34031070304,9
34031070501,9
34031010111,9
34037080002,9
34037040001,9
34037120002,9
34037010005,9
34037120008,9
34037100001,9
34037060002,7
34037090010,9
34037110007,9
34037030001,9
34037020001,7
34037115001,9
34037090001,9
34037020002,7
34037120004,9
34037110016,9
34037100002,9
34037025002,9
34037120005,9
34037070001,9
34037090003,9
34037060006,7
34037035001,9
34037050002,9
34037070002,9
34037045001,9
34037045002,9
34037050001,9
34037060011,7
34037110011,9
34037025001,9
34037035003,9
34037005001,9
34037085001,9
34037055001,9
34037090006,9
34037065001,9
34037110008,9
34037060008,7
34037110005,9
34037110017,9
34037020004,7
34037090012,9
34037055003,9
34037075004,9
34037060001,7
34037010006,9
34037025004,9
34037110001,9
34037060003,7
34037065003,9
34037110018,9
34037060005,7
34037075001,9
34037010003,9
34037110003,9
34037110009,9
34037040003,9
34037055007,9
34037090009,9
34037050003,9
34037055004,9
34037025003,9
34037110004,9
34037110010,9
34037060009,7
34037095003,7
34037090013,9
34037075006,9
34037070003,9
34037040004,9
34037110002,9
34037105001,9
34037020003,7
34037090014,9
34037040002,9
34037120001,9
34037110015,9
34037060012,7
34037080001,9
34037010001,9
34037095002,7
34037060010,7
34037100003,9
34037110019,9
34037110006,9
34037120007,9
34037020006,7
34037095001,7
34037060004,7
34037120003,9
34037055002,9
34037120006,9
34037075003,9
34037110020,9
34037110012,9
34037030003,9
34037050004,9
34037060007,7
34037015001,9
34037030002,9
34037055005,9
34037055006,9
34037035004,9
34037090004,9
34037110013,9
34037110014,9
34037090002,9
34037020005,7
34037035002,9
34037010004,9
34037075002,9
34037065002,9
34037090011,9
34037090007,9
34037090008,9
34037010002,9
34037075005,9
34037090005,9
34027110023,7
34027135012,7
34027100002,7
34027190012,7
34027075005,7
34027180401,7
34027145024,7
34027040401,7
34027075001,7
34027065002,7
34027040301,7
34027170002,7
34027100003,7
34027135020,7
34027195001,7
34027160017,7
34027025007,7
34027175202,7
34027110006,7
34027082003,7
34027015005,7
34027045103,7
34027045102,7
34027045203,7
34027050004,7
34027145026,7
34027135021,7
34027070001,7
34027110021,7
34027145014,7
34027045202,7
34027045101,7
34027120301,7
34027070003,7
34027170001,7
34027145020,7
34027115006,7
34027135010,7
34027013004,7
34027135007,7
34027005101,7
34027175201,7
34027190009,7
34027160004,7
34027110014,7
34027082001,7
34027155003,7
34027085006,7
34027070008,7
34027015002,7
34027120302,7
34027175604,7
34027105016,7
34027015001,7
34027105017,7
34027175101,7
34027065003,7
34027180204,7
34027160006,7
34027120203,7
34027145005,7
34027145006,7
34027145008,7
34027145007,7
34027160012,7
34027190003,7
34027095003,7
34027175301,7
34027025009,7
34027135013,7
34027105018,7
34027070005,7
34027145003,7
34027145031,7
34027180201,7
34027145010,7
34027040103,7
34027050006,7
34027010004,7
34027020004,7
34027145019,7
34027190007,7
34027190013,7
34027080402,7
34027075004,7
34027050008,7
34027040303,7
34027105005,7
34027105008,7
34027010005,7
34027180406,7
34027085001,7
34027145034,7
34027035001,7
34027055009,7
34027145025,7
34027190008,7
34027155001,7
34027110022,7
34027180305,7
34027160002,7
34027040302,7
34027185001,7
34027110018,7
34027055006,7
34027145039,7
34027175503,7
34027070002,7
34027055004,7
34027145030,7
34027155010,7
34027085004,7
34027085010,7
34027180202,7
34027160001,7
34027170005,7
34027120201,7
34027135014,7
34027120303,7
34027105014,7
34027190005,7
34027090002,7
34027005301,7
34027125002,7
34027020008,7
34027145018,7
34027190006,7
34027110004,7
34027155005,7
34027075007,7
34027015004,7
34027180104,7
34027060006,7
34027110016,7
34027075002,7
34027070010,7
34027195002,7
34027060007,7
34027115005,7
34027105013,7
34027040202,7
34027005202,7
34027005201,7
34027195004,7
34027110013,7
34027080201,7
34027105006,7
34027050003,7
34027190002,7
34027115003,7
34027115004,7
34027190001,7
34027120404,7
34027125001,7
34027180402,7
34027055007,7
34027105001,7
34027120101,7
34027060004,7
34027175501,7
34027110005,7
34027180102,7
34027110011,7
34027060005,7
34027110007,7
34027155011,7
34027105015,7
34027110019,7
34027035002,7
34027145028,7
34027045401,7
34027160011,7
34027145001,7
34027085009,7
34027180203,7
34027065004,7
34027145012,7
34027020005,7
34027100001,7
34027145033,7
34027110003,7
34027180303,7
34027145013,7
34027145017,7
34027160010,7
34027125005,7
34027010001,7
34027045403,7
34027010003,7
34027050002,7
34027070014,7
34027140001,7
34027145029,7
34027165002,7
34027060009,7
34027055001,7
34027090001,7
34027095001,7
34027082002,7
34027175302,7
34027120104,7
34027120402,7
34027060008,7
34027040201,7
34027160013,7
34027105002,7
34027060002,7
34027155008,7
34027020001,7
34027050001,7
34027110002,7
34027145002,7
34027145009,7
34027005102,7
34027095004,7
34027070006,7
34027045402,7
34027105011,7
34027085011,7
34027080202,7
34027135005,7
34027125003,7
34027025002,7
34027050007,7
34027105012,7
34027115001,7
34027175504,7
34027160007,7
34027135017,7
34027105004,7
34027130002,7
34027020009,7
34027020002,7
34027180306,7
34027155002,7
34027180105,7
34027180103,7
34027082004,7
34027140002,7
34027082006,7
34027020003,7
34027180205,7
34027155007,7
34027075003,7
34027025006,7
34027075006,7
34027135016,7
34027145027,7
34027070011,7
34027105010,7
34027045302,7
34027155004,7
34027110009,7
34027020007,7
34027105007,7
34027065001,7
34027175602,7
34027085014,7
34027055008,7
34027035004,7
34027155009,7
34027085012,7
34027145038,7
34027090003,7
34027055003,7
34027135008,7
34027160005,7
34027070013,7
34027190004,7
34027070009,7
34027045201,7
34027195003,7
34027195005,7
34027080102,7
34027005402,7
34027175203,7
34027135006,7
34027070007,7
34027020006,7
34027025004,7
34027125004,7
34027145011,7
34027190011,7
34027045303,7
34027060003,7
34027070004,7
34027145023,7
34027175303,7
34027175601,7
34027120401,7
34027045301,7
34027130003,7
34027145036,7
34027035003,7
34027040203,7
34027110015,7
34027050005,7
34027180405,7
34027180301,7
34027135001,7
34027110010,7
34027160016,7
34027135009,7
34027025008,7
34027040402,7
34027040102,7
34027005302,7
34027160014,7
34027080401,7
34027095005,7
34027040403,7
34027025010,7
34027160009,7
34027175401,7
34027015003,7
34027175103,7
34027085003,7
34027145015,7
34027082005,7
34027130001,7
34027095002,7
34027060001,7
34027090005,7
34027175204,7
34027135015,7
34027160018,7
34027175402,7
34027160003,7
34027105003,7
34027175502,7
34027110001,7
34027005401,7
34027145037,7
34027070012,7
34027175603,7
34027085008,7
34027135003,7
34027145035,7
34027110020,7
34027145022,7
34027145004,7
34027135002,7
34027180304,7
34027135019,7
34027170004,7
34027135018,7
34027165001,7
34027105009,7
34027170003,7
34027085007,7
34027180101,7
34027055005,7
34027030001,7
34027120403,7
34027180302,7
34027115002,7
34027160015,7
34027175102,7
34027175404,7
34027055002,7
34027175104,7
34027190010,7
34027085013,7
34027080101,7
34027025001,7
34027120103,7
34027110017,7
34027010002,7
34027135011,7
34027135004,7
34027110008,7
34027175304,7
34027035005,7
34027040101,7
34027110012,7
34027165003,7
34027135022,7
34027155006,7
34027025003,7
34027145016,7
34027085002,7
34027080301,7
34027180403,7
34027120102,7
34027120202,7
34027145032,7
34027085005,7
34027155012,7
34027180404,7
34027160019,7
34027025005,7
34027090004,7
34027080302,7
34027145021,7
34027160008,7
34027175403,7
34041110003,7
34041005004,7
34041110002,7
34041065001,7
34041095703,7
34041010001,7
34041095101,7
34041095501,7
34041030001,7
34041105002,7
34041075002,7
34041010002,7
34041095701,7
34041020003,7
34041095702,7
34041025002,7
34041040004,7
34041115001,7
34041045001,7
34041035002,7
34041055001,7
34041055002,7
34041080005,7
34041110004,7
34041075001,7
34041100001,7
34041075007,7
34041115006,7
34041020004,7
34041110006,7
34041050002,7
34041060001,7
34041105001,7
34041080003,7
34041050001,7
34041020002,7
34041030002,7
34041070002,7
34041095601,7
34041060004,7
34041095301,7
34041080001,7
34041110001,7
34041035004,7
34041095502,7
34041080002,7
34041085002,7
34041005002,7
34041115005,7
34041115004,7
34041095602,7
34041035001,7
34041020005,7
34041060003,7
34041100002,7
34041075006,7
34041065002,7
34041095401,7
34041105003,7
34041040007,7
34041115003,7
34041100003,7
34041110005,7
34041035003,7
34041085001,7
34041095201,7
34041040005,7
34041025001,7
34041025003,7
34041075003,7
34041040006,7
34041075004,7
34041115002,7
34041015003,7
34041015001,7
34041015002,7
34041100004,7
34041020001,7
34041040003,7
34041080004,7
34041105004,7
34041075005,7
34041005001,7
34041070001,7
34041040002,7
34041080006,7
34041005003,7
34041060002,7
34041040001,7
34019060001,7
34019110005,7
34019080002,7
34019045003,7
34019105007,7
34019125003,7
34019005003,7
34019110001,7
34019120001,7
34019095004,7
34019055001,7
34019080001,7
34019125004,7
34019075005,7
34019085002,7
34019030007,7
34019080003,7
34019105017,7
34019030010,7
34019105008,7
34019030005,7
34019125002,7
34019025002,7
34019120003,7
34019010004,7
34019040004,7
34019130002,7
34019090001,7
34019030004,7
34019035001,7
34019050003,7
34019105009,7
34019105011,7
34019085003,7
34019035003,7
34019105012,7
34019005001,7
34019020001,7
34019075004,7
34019015001,7
34019070002,7
34019035005,7
34019040005,7
34019030003,7
34019105015,7
34019110010,7
34019105003,7
34019130001,7
34019105010,7
34019035004,7
34019105014,7
34019030011,7
34019105006,7
34019035002,7
34019075003,7
34019040001,7
34019030006,7
34019120005,7
34019100001,7
34019110003,7
34019110012,7
34019110006,7
34019110004,7
34019030001,7
34019125001,7
34019095002,7
34019010002,7
34019065001,7
34019030002,7
34019050002,7
34019110007,7
34019085004,7
34019005002,7
34019105016,7
34019115001,7
34019030009,7
34019080004,7
34019110014,7
34019105001,7
34019095003,7
34019095005,7
34019120004,7
34019095001,7
34019070003,7
34019095006,7
34019025001,7
34019110002,7
34019085001,7
34019005004,7
34019105018,7
34019040002,7
34019045002,7
34019105002,7
34019105020,7
34019120002,7
34019105005,7
34019110011,7
34019110013,7
34019050001,7
34019040003,7
34019110008,7
34019010003,7
34019105019,7
34019070001,7
34019075001,7
34019105021,7
34019110015,7
34019030008,7
34019075002,7
34019105013,7
34019105004,7
34019110016,7
34019045001,7
34019010001,7
34019030012,7
34019110009,7
34035070015,3
34035030003,3
34035010008,3
34035105004,3
34035030005,3
34035050001,3
34035070011,3
34035030008,3
34035065017,3
34035065012,3
34035090008,3
34035040439,3
34035030004,3
34035040551,3
34035100010,3
34035040213,3
34035040214,3
34035040212,3
34035010018,3
34035010012,3
34035050026,3
34035025015,3
34035040211,3
34035100002,3
34035040104,3
34035030013,3
34035105001,3
34035040544,3
34035065005,3
34035055005,3
34035055007,3
34035070013,3
34035015003,3
34035010002,3
34035010006,3
34035030009,3
34035055004,3
34035050017,3
34035040435,3
34035010020,3
34035050007,3
34035040523,3
34035090003,3
34035090004,3
34035065007,3
34035040328,3
34035050030,3
34035040331,3
34035070001,3
34035070010,3
34035040222,3
34035065008,3
34035050005,3
34035090007,3
34035040326,3
34035040548,3
34035030002,3
34035100005,3
34035020003,3
34035040109,3
34035030011,3
34035100004,3
34035085001,3
34035010004,3
34035030001,3
34035040215,3
34035050025,3
34035080004,3
34035040102,3
34035065013,3
34035070005,3
34035100008,3
34035100013,3
34035050010,3
34035045003,3
34035030014,3
34035010011,3
34035040221,3
34035020004,3
34035050004,3
34035070002,3
34035025008,3
34035065004,3
34035015002,3
34035030032,3
34035025013,3
34035040547,3
34035005002,3
34035040437,3
34035050029,3
34035065018,3
34035040327,3
34035090005,3
34035030018,3
34035030027,3
34035080001,3
34035070009,3
34035090002,3
34035025009,3
34035030021,3
34035065006,3
34035040441,3
34035080005,3
34035050021,3
34035000005,3
34035055001,3
34035050006,3
34035100007,3
34035015007,3
34035030034,3
34035020001,3
34035040545,3
34035055006,3
34035040438,3
34035050013,3
34035050009,3
34035040103,3
34035055003,3
34035065011,3
34035050028,3
34035040443,3
34035025012,3
34035050027,3
34035030015,3
34035030026,3
34035025002,3
34035010023,3
34035025014,3
34035050003,3
34035030023,3
34035040218,3
34035045004,3
34035040110,3
34035005003,3
34035030007,3
34035010009,3
34035035001,3
34035020007,3
34035010016,3
34035065009,3
34035040101,3
34035030030,3
34035075002,3
34035075001,3
34035050019,3
34035030035,3
34035015005,3
34035005009,3
34035040106,3
34035040105,3
34035010015,3
34035045002,3
34035015001,3
34035030019,3
34035030024,3
34035020002,3
34035040220,3
34035060001,3
34035010017,3
34035050031,3
34035030017,3
34035010010,3
34035095003,3
34035050002,3
34035040425,3
34035010005,3
34035005006,3
34035100012,3
34035050033,3
34035040549,3
34035030025,3
34035050015,3
34035090006,3
34035005001,3
34035030029,3
34035040546,3
34035050024,3
34035030036,3
34035010024,3
34035020005,3
34035070014,3
34035050008,3
34035055002,3
34035105003,3
34035090011,3
34035100003,3
34035010019,3
34035105005,3
34035065010,3
34035080002,3
34035025010,3
34035005007,3
34035080003,3
34035010003,3
34035030006,3
34035070004,3
34035040332,3
34035015006,3
34035030031,3
34035010014,3
34035050032,3
34035045001,3
34035040107,3
34035065002,3
34035050018,3
34035010001,3
34035010007,3
34035090001,3
34035040324,3
34035005005,3
34035050022,3
34035100006,3
34035030016,3
34035005004,3
34035065001,3
34035030033,3
34035095001,3
34035050023,3
34035025007,3
34035025006,3
34035070003,3
34035020006,3
34035050011,3
34035090009,3
34035095002,3
34035010021,3
34035040436,3
34035025005,3
34035030010,3
34035030012,3
34035040440,3
34035040108,3
34035040216,3
34035015004,3
34035065016,3
34035105002,3
34035100001,3
34035025016,3
34035090012,3
34035070008,3
34035050012,3
34035100011,3
34035030020,3
34035040219,3
34035100009,3
34035065003,3
34035070006,3
34035010022,3
34035040442,3
34035030028,3
34035030022,3
34035000006,3
34035065015,3
34035040329,3
34035040333,3
34035065019,3
34035010013,3
34035050016,3
34035050020,3
34035040334,3
34035040217,3
34035025011,3
34035025003,3
34035050014,3
34035090010,3
34035040550,3
34035005008,3
34035065014,3
34035040330,3
34013025001,10
34013030513,10
34013055009,11
34013055003,11
34013010112,10
34013080206,10
34013075001,10
34013095008,11
34013100003,10
34013065203,10
34013050011,10
34013050018,10
34013070C04,10
34013070N12,10
34013070E19,10
34013005405,10
34013070S21,10
34013037003,10
34013045N01,11
34013100004,10
34013095002,10
34013110501,10
34013080305,10
34013030302,10
34013030309,10
34013070S30,10
34013040005,10
34013070N28,10
34013070C32,10
34013070N26,10
34013070E03,10
34013070E25,10
34013060007,10
34013070S22,10
34013070E09,10
34013060002,10
34013065407,10
34013070E06,10
34013070E02,10
34013025010,10
34013030503,10
34013070W10,10
34013010106,10
34013035001,10
34013045S08,11
34013050010,10
34013070W26,10
34013025007,10
34013050019,10
34013080203,10
34013045N08,11
34013060016,10
34013027E04,10
34013070E13,10
34013045E05,11
34013025004,10
34013030501,10
34013030403,10
34013060006,10
34013070S27,10
34013005201,10
34013010203,10
34013030404,10
34013100006,10
34013080102,10
34013105001,10
34013095011,11
34013070C35,10
34013070S40,10
34013010208,10
34013110203,10
34013027W05,10
34013055005,11
34013110414,10
34013040004,10
34013070W17,10
34013070E07,10
34013050013,10
34013010306,10
34013030109,10
34013030506,10
34013070C34,10
34013070C15,10
34013005403,10
34013070E29,10
34013070N25,10
34013070C46,10
34013045S03,11
34013060004,10
34013065202,10
34013037004,10
34013045S07,11
34013030211,10
34013065401,10
34013065304,10
34013025005,10
34013080205,10
34013005203,10
34013055013,11
34013050026,10
34013027W03,10
34013080105,10
34013015004,10
34013055002,11
34013030510,10
34013010202,10
34013070C20,10
34013100005,10
34013065307,10
34013027S05,10
34013030103,10
34013040003,10
34013110410,10
34013070N20,10
34013090103,10
34013070S49,10
34013030407,10
34013030410,10
34013045W09,11
34013070W38,10
34013070E12,10
34013050025,10
34013110102,10
34013110108,10
34013065208,10
34013010314,10
34013055020,11
34013070C49,10
34013110403,10
34013070W46,10
34013010211,10
34013110101,10
34013070C42,10
34013070W25,10
34013080103,10
34013045W06,11
34013110413,10
34013070W47,10
34013070C45,10
34013005101,10
34013110107,10
34013050006,10
34013100008,10
34013080307,10
34013075003,10
34013025008,10
34013030106,10
34013055008,11
34013105003,10
34013060015,10
34013030508,10
34013060010,10
34013080202,10
34013055011,11
34013070S25,10
34013030505,10
34013080303,10
34013045E04,11
34013050016,10
34013110412,10
34013040008,10
34013070W21,10
34013080204,10
34013105008,10
34013095004,11
34013070S45,10
34013065408,10
34013050022,10
34013110301,10
34013055015,11
34013050009,10
34013070C01,10
34013060008,10
34013110401,10
34013070W19,10
34013105004,10
34013050005,10
34013010311,10
34013010205,10
34013045W07,11
34013070N19,10
34013070W06,10
34013010111,10
34013005102,10
34013030110,10
34013070C23,10
34013070N14,10
34013110502,10
34013045S11,11
34013070N10,10
34013055006,11
34013070N17,10
34013055017,11
34013095003,11
34013050002,10
34013050003,10
34013030401,10
34013015005,10
34013105007,10
34013040001,10
34013070S32,10
34013005306,10
34013070C39,10
34013070N37,10
34013080306,10
34013030301,10
34013075002,10
34013055019,11
34013110202,10
34013030101,10
34013065201,10
34013065105,10
34013055007,11
34013045W08,11
34013030104,10
34013070S02,10
34013005106,10
34013080101,10
34013105005,10
34013070N03,10
34013040002,10
34013110407,10
34013010102,10
34013100010,10
34013005406,10
34013045S05,11
34013100007,10
34013070S35,10
34013065109,10
34013110415,10
34013045E01,11
34013070S39,10
34013060011,10
34013095009,11
34013065308,10
34013005206,10
34013060013,10
34013065210,10
34013070N29,10
34013050015,10
34013070C43,10
34013070C28,10
34013080106,10
34013025003,10
34013065405,10
34013070W29,10
34013070S10,10
34013055012,11
34013050017,10
34013070S04,10
34013090101,10
34013030406,10
34013010305,10
34013070S41,10
34013070S24,10
34013045W03,11
34013010307,10
34013010310,10
34013065302,10
34013065207,10
34013015006,10
34013010104,10
34013070N04,10
34013045S10,11
34013037001,10
34013050020,10
34013075004,10
34013065107,10
34013070S38,10
34013070W37,10
34013010109,10
34013070W09,10
34013015001,10
34013070E16,10
34013050023,10
34013010304,10
34013070C22,10
34013065103,10
34013070C09,10
34013070W30,10
34013070W32,10
34013030310,10
34013030313,10
34013005105,10
34013050007,10
34013065406,10
34013045N04,11
34013095010,10
34013065209,10
34013070S20,10
34013080104,10
34013005305,10
34013100011,10
34013010204,10
34013110408,10
34013070W43,10
34013070S11,10
34013050014,10
34013060012,10
34013060001,10
34013050008,10
34013070S47,10
34013045N02,11
34013100009,10
34013037002,10
34013005301,10
34013030304,10
34013030207,10
34013005204,10
34013005104,10
34013005404,10
34013065102,10
34013110404,10
34013045N05,11
34013027N03,10
34013005401,10
34013015007,10
34013005304,10
34013005303,10
34013045N10,11
34013070C12,10
34013027S01,10
34013045S01,11
34013070S42,10
34013055004,11
34013027S06,10
34013065106,10
34013055022,11
34013095007,11
34013100002,10
34013110109,10
34013070W44,10
34013105006,10
34013070W22,10
34013090105,10
34013080304,10
34013060009,10
34013045N03,11
34013110416,10
34013070C03,10
34013010308,10
34013070W07,10
34013070S48,10
34013070C44,10
34013070S46,10
34013070W49,10
34013070S19,10
34013045W04,11
34013027S04,10
34013045S09,11
34013045E08,11
34013010302,10
34013050012,10
34013095006,11
34013027W06,10
34013010206,10
34013095012,11
34013025006,10
34013030509,10
34013060005,10
34013027N04,10
34013070E14,10
34013055001,11
34013070W24,10
34013065403,10
34013070E18,10
34013070S36,10
34013070N27,10
34013110104,10
34013070N07,10
34013070W23,10
34013070E01,10
34013005402,10
34013110402,10
34013065206,10
34013050004,10
34013037005,10
34013030405,10
34013035002,10
34013027W04,10
34013070E04,10
34013045W02,11
34013030507,10
34013070N05,10
34013010107,10
34013065101,10
34013030210,10
34013027N02,10
34013070E11,10
34013070W40,10
34013027S02,10
34013027E01,10
34013070C40,10
34013027N05,10
34013070E21,10
34013070C17,10
34013025009,10
34013005207,10
34013010309,10
34013010301,10
34013095001,11
34013030402,10
34013070E15,10
34013070E10,10
34013045N07,11
34013060014,10
34013045N09,11
34013030412,10
34013110405,10
34013065404,10
34013030314,10
34013105002,10
34013010313,10
34013070S23,10
34013105009,10
34013005302,10
34013005103,10
34013070E08,10
34013080201,10
34013090106,10
34013040007,10
34013070S34,10
34013045S02,11
34013110205,10
34013110303,10
34013090102,10
34013070N21,10
34013090104,10
34013110504,10
34013080302,10
34013080107,10
34013055016,11
34013070S16,10
34013010110,10
34013030105,10
34013065204,10
34013110106,10
34013110103,10
34013110503,10
34013025002,10
34013065306,10
34013070S44,10
34013010210,10
34013070N23,10
34013070E30,10
34013010108,10
34013110411,10
34013070N01,10
34013070C38,10
34013045E02,11
34013010207,10
34013030303,10
34013070N08,10
34013070S12,10
34013015003,10
34013030201,10
34013070W31,10
34013030306,10
34013030202,10
34013070S15,10
34013045E09,11
34013070E17,10
34013030311,10
34013070S08,10
34013110302,10
34013070N22,10
34013070N15,10
34013070N38,10
34013070N18,10
34013095013,11
34013027E05,10
34013070S29,10
34013110406,10
34013030107,10
34013010201,10
34013015002,10
34013070C41,10
34013070N06,10
34013027E02,10
34013060003,10
34013110201,10
34013030512,10
34013010209,10
34013065301,10
34013110204,10
34013010103,10
34013010105,10
34013070E20,10
34013070S17,10
34013070N09,10
34013110409,10
34013070W15,10
34013055010,11
34013030212,10
34013055014,11
34013065108,10
34013070W20,10
34013070S03,10
34013065205,10
34013070W41,10
34013005208,10
34013070W48,10
34013070W36,10
34013070C07,10
34013070W39,10
34013070C06,10
34013005202,10
34013070S01,10
34013070S18,10
34013050021,10
34013080301,10
34013070C47,10
34013070W34,10
34013050001,10
34013065104,10
34013070N02,10
34013065402,10
34013110505,10
34013045N06,11
34013005205,10
34013030203,10
34013070N16,10
34013070N48,10
34013055021,11
34013065303,10
34013070W33,10
34013030504,10
34013070W13,10
34013030102,10
34013070W45,10
34013045W01,11
34013050024,10
34013010312,10
34013030312,10
34013070C29,10
34013070N13,10
34013070C37,10
34013030204,10
34013070W27,10
34013030409,10
34013070S13,10
34013065305,10
34013070C05,10
34013070W35,10
34013070N49,10
34013030111,10
34013070W28,10
34013045E03,11
34013070N11,10
34013070S28,10
34013030305,10
34013070S37,10
34013070C08,10
34013100001,10
34039025004,11
34039070202,11
34039065201,11
34039095043,11
34039095040,11
34039002067,11
34039080009,11
34039050005,11
34039090103,11
34039090101,11
34039060210,11
34039095026,11
34039095042,11
34039015023,11
34039065602,11
34039080019,11
34039060205,11
34039060303,11
34039023811,11
34039095015,11
34039015007,11
34039070303,11
34039075201,11
34039065403,11
34039010302,11
34039065603,11
34039020108,11
34039100201,11
34039100101,11
34039025003,11
34039025007,11
34039080011,11
34039085006,11
34039065204,11
34039060306,11
34039060204,11
34039005007,11
34039090104,11
34039045504,11
34039045404,11
34039045701,11
34039100104,11
34039075402,11
34039045602,11
34039100102,11
34039050006,11
34039080017,11
34039090205,11
34039095005,11
34039015021,11
34039040004,11
34039010204,11
34039085014,11
34039020202,11
34039095017,11
34039005001,11
34039015013,11
34039010104,11
34039020506,11
34039010101,11
34039095032,11
34039060304,11
34039025002,11
34039075501,11
34039085010,11
34039090211,11
34039100403,11
34039045901,11
34039070203,11
34039045904,11
34039055007,11
34039002211,11
34039045501,11
34039020102,11
34039020207,11
34039055011,11
34039005004,11
34039005008,11
34039020204,11
34039020209,11
34039100401,11
34039065601,11
34039075202,11
34039035103,11
34039020313,11
34039035303,11
34039070403,11
34039075301,11
34039070401,11
34039045804,11
34039035202,11
34039020303,11
34039015028,11
34039095016,11
34039020106,11
34039030001,11
34039035201,11
34039065302,11
34039020503,11
34039020505,11
34039095031,11
34039095001,11
34039100103,11
34039020309,11
34039035101,11
34039080021,11
34039095034,11
34039095022,11
34039045301,11
34039065401,11
34039100203,11
34039100404,11
34039025005,11
34039046001,11
34039085004,11
34039020105,11
34039015020,11
34039050001,11
34039060201,11
34039050002,11
34039090207,11
34039045402,11
34039045403,11
34039060401,11
34039035402,11
34039095019,11
34039055004,11
34039040002,11
34039100306,11
34039060102,11
34039095021,11
34039065604,11
34039065101,11
34039040005,11
34039095045,11
34039085003,11
34039002037,11
34039020103,11
34039020501,11
34039015024,11
34039020401,11
34039015001,11
34039015014,11
34039095010,11
34039095035,11
34039045702,11
34039010201,11
34039010202,11
34039015025,11
34039090213,11
34039015019,11
34039095024,11
34039015011,11
34039080015,11
34039020603,11
34039065203,11
34039065303,11
34039020606,11
34039010404,11
34039095033,11
34039020404,11
34039045603,11
34039085002,11
34039065502,11
34039100302,11
34039015026,11
34039055002,11
34039045401,11
34039045102,11
34039020306,11
34039055003,11
34039080016,11
34039020107,11
34039015015,11
34039100307,11
34039025006,11
34039080012,11
34039020206,11
34039095020,11
34039060308,11
34039045803,11
34039075302,11
34039075401,11
34039040003,11
34039095003,11
34039045103,11
34039005002,11
34039060211,11
34039095023,11
34039070503,11
34039070402,11
34039090201,11
34039090102,11
34039060107,11
34039035301,11
34039060402,11
34039100205,11
34039045201,11
34039065504,11
34039009541,11
34039020310,11
34039010304,11
34039070502,11
34039085008,11
34039100202,11
34039046002,11
34039005003,11
34039075102,11
34039100106,11
34039085001,11
34039020511,11
34039095008,11
34039060202,11
34039090105,11
34039100402,11
34039070504,11
34039100405,11
34039055001,11
34039065104,11
34039045902,11
34039015027,11
34039020406,11
34039020101,11
34039002064,11
34039005009,11
34039045303,11
34039060101,11
34039065304,11
34039025001,11
34039030003,11
34039085005,11
34039075502,11
34039020312,11
34039002048,11
34039095025,11
34039080004,11
34039020301,11
34039090108,11
34039090209,11
34039055009,11
34039045101,11
34039002068,11
34039015012,11
34039070101,11
34039095030,11
34039070501,11
34039070301,11
34039020510,11
34039020504,11
34039060208,11
34039070304,11
34039065103,11
34039100301,11
34039065503,11
34039060105,11
34039090107,11
34039020403,11
34039050004,11
34039015030,11
34039070204,11
34039050007,11
34039070302,11
34039060307,11
34039065404,11
34039060310,11
34039035102,11
34039040006,11
34039002028,11
34039005011,11
34039100305,11
34039100304,11
34039080013,11
34039090210,11
34039095046,11
34039090204,11
34039015002,11
34039015005,11
34039020109,11
34039095050,11
34039046004,11
34039065301,11
34039030002,11
34039055006,11
34039090208,11
34039095009,11
34039095047,11
34039035403,11
34039045601,11
34039095006,11
34039065501,11
34039065202,11
34039035302,11
34039100105,11
34039045203,11
34039045703,11
34039055005,11
34039020104,11
34039095011,11
34039095036,11
34039080005,11
34039005006,11
34039090106,11
34039015003,11
34039080010,11
34039020502,11
34039090206,11
34039060206,11
34039010303,11
34039015022,11
34039045903,11
34039090109,11
34039050003,11
34039020601,11
34039040001,11
34039010401,11
34039080002,11
34039105002,11
34039095004,11
34039080020,11
34039002010,11
34039060309,11
34039060207,11
34039100204,11
34039060403,11
34039090112,11
34039085013,11
34039060209,11
34039060106,11
34039046003,11
34039010103,11
34039002047,11
34039080001,11
34039095027,11
34039070103,11
34039015018,11
34039010402,11
34039080023,11
34039095037,11
34039100107,11
34039080014,11
34039060203,11
34039065405,11
34039095049,11
34039015008,11
34039080008,11
34039015009,11
34039045202,11
34039020308,11
34039080003,11
34039095048,11
34039095012,11
34039090203,11
34039020304,11
34039020402,11
34039095039,11
34039095018,11
34039035404,11
34039005010,11
34039100206,11
34039005005,11
34039060305,11
34039105001,11
34039095038,11
34039055010,11
34039020205,11
34039095029,11
34039090212,11
34039050009,11
34039020509,11
34039085007,11
34039020607,11
34039045801,11
34039020203,11
34039020602,11
34039085012,11
34039070201,11
34039080018,11
34039035401,11
34039095044,11
34039015017,11
34039010301,11
34039095028,11
34039046905,11
34039060405,11
34039090110,11
34039075101,11
34039015029,11
34039020302,11
34039070104,11
34039010403,11
34039060103,11
34039045502,11
34039095007,11
34039020410,11
34039060302,11
34039085009,11
34039070102,11
34039045802,11
34039100303,11
34039010203,11
34039010102,11
34039060404,11
34039065102,11
34039030004,11
34039020201,11
34039020305,11
34039085011,11
34039060301,11
34039095014,11
34039090202,11
34039015016,11
34039055008,11
34039015006,11
34039095013,11
34039090111,11
34039045302,11
34039080007,11
34039095002,11
34039002049,11
34039020405,11
34039050008,11
34039060108,11
34039080006,11
34039015010,11
34039020508,11
34039002065,11
34039045503,11
34039060104,11
34039015004,11
34039035203,11
34017035307,8
34017045102,8
34017035405,8
34017060308,8
34017025506,8
34017005316,8
34017030A16,8
34017050106,8
34017040405,8
34017005210,8
34017055203,8
34017050501,8
34017050305,8
34017035206,8
34017050603,8
34017030E23,8
34017035407,8
34017005205,8
34017045104,8
34017025401,8
34017030B21,8
34017045201,8
34017020101,8
34017030E17,8
34017030F16,8
34017030F04,8
34017030F22,8
34017030F05,8
34017030C01,8
34017025306,8
34017025607,8
34017025101,8
34017020202,8
34017030C13,8
34017030A01,8
34017050703,8
34017030F07,8
34017030F06,8
34017060310,8
34017020402,8
34017030C22,8
34017030A02,8
34017055201,8
34017025304,8
34017030B09,8
34017035203,8
34017040503,8
34017040502,8
34017030C14,8
34017005314,8
34017035302,8
34017035305,8
34017040306,8
34017040505,8
34017030E20,8
34017030E05,8
34017050402,8
34017050303,8
34017040202,8
34017050202,8
34017005301,8
34017030A30,8
34017005109,8
34017030C08,8
34017030D16,8
34017055101,8
34017030B33,8
34017030F31,8
34017030B26,8
34017030E14,8
34017005215,8
34017005105,8
34017010002,8
34017030E07,8
34017055104,8
34017030F01,8
34017005102,8
34017005106,8
34017060202,8
34017040504,8
34017035306,8
34017030D06,8
34017030D04,8
34017045101,8
34017045103,8
34017060302,8
34017060102,8
34017005108,8
34017005311,8
34017050503,8
34017035309,8
34017045204,8
34017030C27,8
34017030C02,8
34017020201,8
34017030B12,8
34017030E02,8
34017060204,8
34017030A34,8
34017035406,8
34017040602,8
34017040403,8
34017030A09,8
34017005318,8
34017005211,8
34017005307,8
34017005212,8
34017005213,8
34017030F29,8
34017030F14,8
34017005304,8
34017050302,8
34017030E22,8
34017060206,8
34017050502,8
34017025403,8
34017030B30,8
34017035205,8
34017060304,8
34017045301,8
34017030F19,8
34017035308,8
34017030D24,8
34017050601,8
34017030C20,8
34017030C07,8
34017040605,8
34017030E09,8
34017030D10,8
34017030B05,8
34017030A07,8
34017030B14,8
34017060301,8
34017030F30,8
34017035102,8
34017035104,8
34017040206,8
34017030D11,8
34017030D02,8
34017035108,8
34017030B29,8
34017030B10,8
34017035103,8
34017025106,8
34017030B08,8
34017060205,8
34017050203,8
34017040705,8
34017030F03,8
34017030C19,8
34017030C23,8
34017050201,8
34017030E21,8
34017040701,8
34017050104,8
34017045304,8
34017045105,8
34017040601,8
34017030A24,8
34017050702,8
34017050704,8
34017055202,8
34017055102,8
34017030F21,8
34017030C06,8
34017030E18,8
34017030F18,8
34017060309,8
34017030C26,8
34017050701,8
34017020203,8
34017020401,8
34017025404,8
34017025303,8
34017030A04,8
34017030D15,8
34017035105,8
34017035101,8
34017060303,8
34017025602,8
34017030E03,8
34017025104,8
34017005319,8
34017035304,8
34017040201,8
34017040104,8
34017030A15,8
34017005113,8
34017025102,8
34017030D03,8
34017030E10,8
34017035403,8
34017030B27,8
34017010001,8
34017030E04,8
34017005114,8
34017030F12,8
34017005116,8
34017030E16,8
34017025307,8
34017030C10,8
34017035401,8
34017030C25,8
34017025103,8
34017005101,8
34017060109,8
34017060207,8
34017030E12,8
34017050304,8
34017025507,8
34017060306,8
34017030C21,8
34017030E06,8
34017045302,8
34017040305,8
34017005206,8
34017040303,8
34017005317,8
34017030B15,8
34017005313,8
34017050602,8
34017005115,8
34017005303,8
34017035303,8
34017030D05,8
34017030A10,8
34017025601,8
34017030D27,8
34017005110,8
34017015005,8
34017050801,8
34017030E13,8
34017030D13,8
34017030B11,8
34017005107,8
34017020403,8
34017030F15,8
34017030C16,8
34017060209,8
34017005216,8
34017030D23,8
34017040604,8
34017050105,8
34017040401,8
34017005310,8
34017035106,8
34017030F02,8
34017005312,8
34017005306,8
34017040102,8
34017055301,8
34017030C11,8
34017030C17,8
34017030D08,8
34017030A03,8
34017005104,8
34017030B22,8
34017030C18,8
34017045203,8
34017005308,8
34017030F13,8
34017025501,8
34017060104,8
34017040702,8
34017030A33,8
34017030C31,8
34017051002,8
34017030F09,8
34017025302,8
34017040703,8
34017035301,8
34017040302,8
34017060107,8
34017030A11,8
34017050102,8
34017030A13,8
34017040704,8
34017045303,8
34017030F26,8
34017030F24,8
34017040105,8
34017015002,8
34017030F28,8
34017025606,8
34017060307,8
34017030C12,8
34017030A06,8
34017030B16,8
34017015003,8
34017005112,8
34017030A20,8
34017040203,8
34017040103,8
34017005214,8
34017005305,8
34017040402,8
34017050803,8
34017030B17,8
34017045202,8
34017040204,8
34017030F20,8
34017060101,8
34017060105,8
34017025206,8
34017030C09,8
34017020302,8
34017040106,8
34017030B03,8
34017050903,8
34017025406,8
34017025405,8
34017030B06,8
34017005315,8
34017020102,8
34017045205,8
34017055103,8
34017005309,8
34017030A08,8
34017030D18,8
34017030B24,8
34017025605,8
34017055204,8
34017050901,8
34017035202,8
34017040304,8
34017005302,8
34017040101,8
34017030D28,8
34017030C29,8
34017005203,8
34017030D20,8
34017030B02,8
34017030D25,8
34017040404,8
34017030A05,8
34017030E15,8
34017030D19,8
34017030B13,8
34017025202,8
34017005202,8
34017030A32,8
34017060103,8
34017030E11,8
34017050107,8
34017035201,8
34017030A19,8
34017060106,8
34017030B23,8
34017030A21,8
34017030D17,8
34017030C30,8
34017030D22,8
34017040205,8
34017055302,8
34017040603,8
34017025407,8
34017035404,8
34017030A31,8
34017015001,8
34017051001,8
34017005103,8
34017025502,8
34017030B07,8
34017030C03,8
34017025305,8
34017025503,8
34017050103,8
34017030E08,8
34017030A17,8
34017030B31,8
34017040506,8
34017060203,8
34017030E01,8
34017030B04,8
34017030A18,8
34017005209,8
34017030C04,8
34017050905,8
34017030D01,8
34017030D09,8
34017030D21,8
34017030C05,8
34017025301,8
34017050902,8
34017035204,8
34017005207,8
34017030A14,8
34017025504,8
34017030F25,8
34017020301,8
34017025204,8
34017060305,8
34017060201,8
34017050401,8
34017050101,8
34017030C15,8
34017030F27,8
34017030A23,8
34017030A27,8
34017025105,8
34017030F10,8
34017030C28,8
34017030D07,8
34017030F11,8
34017030B18,8
34017025205,8
34017025203,8
34017030B01,8
34017035107,8
34017060108,8
34017030B25,8
34017030C24,8
34017030F08,8
34017015006,8
34017040501,8
34017050301,8
34017030F17,8
34017030E19,8
34017030A26,8
34017030D26,8
34017005111,8
34017030A29,8
34017005204,8
34017030F23,8
34017060311,8
34017030B20,8
34017030A22,8
34017005208,8
34017020303,8
34017005201,8
34017030B28,8
34017050403,8
34017025201,8
34017060208,8
34017050802,8
34017035402,8
34017050906,8
34017040301,8
34017050904,8
34017015004,8
34017030D29,8
34017030A25,8
34017025505,8
34017025402,8
34017030A12,8
34017030D12,8
34017025603,8
34017030A28,8
34017025604,8
34017030B19,8
34017030D14,8
34017030B32,8
34003015008,5
34003025001,5
34003075204,5
34003050005,5
34003175004,9
34003105301,5
34003295001,5
34003105302,5
34003067010,5
34003255012,5
34003165003,9
34003050001,5
34003100006,9
34003120002,5
34003040003,5
34003185003,5
34003150001,5
34003025002,5
34003095012,5
34003255008,5
34003300010,5
34003300009,5
34003105101,5
34003035006,5
34003280008,8
34003115101,5
34003240007,9
34003155008,5
34003125006,5
34003300012,5
34003220006,5
34003015014,5
34003015012,5
34003040005,5
34003345005,5
34003160008,8
34003085005,5
34003280012,8
34003170001,5
34003155012,5
34003015001,5
34003195007,10
34003280009,8
34003280010,8
34003205001,5
34003245003,5
34003095011,5
34003315003,9
34003180003,9
34003165013,9
34003135003,5
34003180002,9
34003060001,5
34003035003,5
34003305009,5
34003085009,5
34003220002,5
34003075304,5
34003255009,5
34003095005,5
34003095003,5
34003235005,5
34003067001,5
34003170005,5
34003135002,5
34003310001,5
34003345001,5
34003050007,5
34003190004,5
34003115504,5
34003335003,5
34003215002,5
34003235001,5
34003045003,5
34003015016,5
34003305010,5
34003050003,5
34003240005,9
34003175001,9
34003330001,5
34003020002,5
34003085010,5
34003305007,5
34003085004,5
34003120001,5
34003335002,5
34003105201,5
34003300020,5
34003105102,5
34003067004,5
34003250007,5
34003250008,5
34003095007,5
34003300007,5
34003325004,5
34003105403,5
34003040001,5
34003300018,5
34003070001,5
34003150003,5
34003280006,8
34003170004,5
34003300008,5
34003030004,5
34003175003,9
34003230003,5
34003165009,9
34003110006,5
34003325005,5
34003095006,5
34003340003,5
34003090001,5
34003225009,5
34003020001,5
34003230012,5
34003255018,5
34003255015,5
34003090005,5
34003030001,5
34003005004,9
34003320003,9
34003155001,5
34003185002,5
34003245001,5
34003195008,8
34003025003,5
34003060002,5
34003165005,9
34003255003,5
34003300017,5
34003035005,5
34003105501,5
34003165001,9
34003230002,5
34003160002,8
34003100003,9
34003270002,5
34003300005,5
34003125008,5
34003080003,5
34003135004,5
34003350006,9
34003235003,5
34003335005,5
34003255011,5
34003120003,5
34003325002,5
34003075201,5
34003075302,5
34003085017,5
34003115202,5
34003070004,5
34003070003,5
34003320006,9
34003255010,5
34003245002,5
34003260001,5
34003115103,5
34003160014,8
34003085023,5
34003280002,8
34003265004,5
34003135005,5
34003195005,10
34003160007,8
34003300014,5
34003165002,9
34003165008,9
34003150002,5
34003190007,5
34003035004,5
34003015010,5
34003350009,9
34003005003,9
34003125001,5
34003325003,5
34003150006,5
34003020003,5
34003225002,5
34003280007,8
34003240003,9
34003255014,5
34003015006,5
34003015002,5
34003160009,8
34003350002,9
34003050008,5
34003230014,5
34003160001,8
34003067008,5
34003115505,5
34003050011,5
34003100001,9
34003210008,9
34003290001,9
34003305012,5
34003160010,8
34003130001,5
34003280011,8
34003350010,9
34003215001,5
34003015004,5
34003220005,5
34003155011,5
34003105503,5
34003190002,5
34003085002,5
34003300023,5
34003260008,5
34003030003,5
34003335004,5
34003085003,5
34003190005,5
34003270001,5
34003330004,5
34003285010,5
34003305008,5
34003285008,5
34003235006,9
34003045001,5
34003100004,9
34003180004,9
34003300011,5
34003230001,5
34003115502,5
34003260003,5
34003140002,5
34003285002,5
34003300001,5
34003255006,5
34003085020,5
34003130002,5
34003255002,5
34003005001,9
34003085014,5
34003115501,5
34003255013,5
34003200001,5
34003095008,5
34003280005,8
34003060003,5
34003285004,5
34003300022,5
34003115102,5
34003325001,5
34003305011,5
34003140003,5
34003305002,5
34003090002,5
34003065001,5
34003195003,10
34003110004,5
34003030012,5
34003250006,5
34003145004,5
34003165006,9
34003190003,5
34003345004,5
34003260005,5
34003175005,9
34003190001,5
34003265001,5
34003075102,5
34003040002,5
34003115104,5
34003230007,5
34003115204,5
34003085006,5
34003035001,5
34003095014,5
34003225004,5
34003125004,5
34003065004,5
34003160015,8
34003020006,5
34003040006,5
34003230017,5
34003335006,5
34003065003,5
34003150004,5
34003345002,5
34003150005,5
34003160013,8
34003240002,9
34003200002,5
34003285006,5
34003225010,5
34003050006,5
34003350004,9
34003230018,5
34003335007,5
34003315005,9
34003320005,9
34003040004,5
34003030013,5
34003300002,5
34003115405,5
34003300016,5
34003115402,5
34003230010,5
34003015003,5
34003145006,5
34003200003,5
34003095019,5
34003255001,5
34003240004,9
34003320004,9
34003305005,5
34003010001,5
34003160011,8
34003110002,5
34003340002,5
34003305001,5
34003105203,5
34003250002,5
34003210007,9
34003235002,5
34003075303,5
34003335001,5
34003285007,5
34003067003,5
34003300021,5
34003320001,9
34003110001,5
34003140001,5
34003230009,5
34003190008,5
34003095001,5
34003290002,9
34003020005,5
34003220003,5
34003280003,8
34003245004,5
34003100005,9
34003067002,5
34003085022,5
34003230019,5
34003160004,8
34003210006,9
34003080002,5
34003115305,5
34003115506,5
34003250003,5
34003070005,5
34003300004,5
34003075203,5
34003155006,5
34003350001,9
34003170003,5
34003050009,5
34003015005,5
34003350003,9
34003080001,5
34003195004,10
34003280004,8
34003155005,5
34003030007,5
34003240001,9
34003085021,5
34003230020,5
34003220004,5
34003125002,5
34003125005,5
34003145003,5
34003015011,5
34003330005,5
34003115503,5
34003160012,8
34003030005,5
34003165012,9
34003075104,5
34003050004,5
34003315004,9
34003145005,5
34003350008,9
34003115203,5
34003110008,5
34003015015,5
34003015013,5
34003255005,5
34003165011,9
34003115205,5
34003095010,5
34003300006,5
34003210001,9
34003340001,5
34003075403,5
34003085015,5
34003230008,5
34003190009,5
34003170002,5
34003330003,5
34003075101,5
34003235004,5
34003135006,5
34003135001,5
34003210004,9
34003145002,5
34003075103,5
34003085016,5
34003085001,5
34003075404,5
34003220001,5
34003250004,5
34003165010,9
34003090003,5
34003080004,5
34003095016,5
34003250005,5
34003260004,5
34003280001,8
34003260006,5
34003300015,5
34003300019,5
34003230004,5
34003210005,9
34003240006,9
34003125003,5
34003067009,5
34003155010,5
34003350007,9
34003230005,5
34003110003,5
34003325006,5
34003115404,5
34003085007,5
34003285001,5
34003095002,5
34003030010,5
34003030002,5
34003210002,9
34003185001,5
34003270004,5
34003075202,5
34003335008,5
34003165007,9
34003265005,5
34003160006,8
34003005002,9
34003045002,5
34003155002,5
34003160003,8
34003090004,5
34003340004,9
34003085012,5
34003225008,5
34003330006,5
34003215003,5
34003195006,10
34003095015,5
34003145001,5
34003105202,5
34003240008,9
34003090006,5
34003155007,5
34003205002,5
34003170007,5
34003155009,5
34003260002,5
34003050010,5
34003230006,5
34003270003,5
34003015017,5
34003250001,5
34003230015,5
34003030009,5
34003255017,5
34003085011,5
34003115403,5
34003085008,5
34003305004,5
34003095018,5
34003180001,5
34003285009,5
34003095004,5
34003265002,5
34003255007,5
34003115304,5
34003125007,5
34003105401,5
34003175002,9
34003225003,5
34003050002,5
34003195009,8
34003160005,8
34003015007,5
34003320002,9
34003025005,5
34003105303,5
34003300013,5
34003115302,5
34003110007,5
34003125009,5
34003020004,5
34003105502,5
34003225007,5
34003095013,5
34003195001,10
34003155004,5
34003067005,5
34003085019,5
34003330002,5
34003105103,5
34003315001,9
34003030006,5
34003170006,5
34003300003,5
34003285005,5
34003095009,5
34003265003,5
34003230016,5
34003070002,5
34003255004,5
34003225006,5
34003260007,5
34003195002,10
34003255016,5
34003067006,5
34003035002,5
34003100002,9
34003105402,5
34003085018,5
34003075402,5
34003030008,5
34003190006,5
34003155003,5
34003315002,9
34003095020,5
34003225001,5
34003350005,9
34003075301,5
34003060004,5
34003070006,5
34003225005,5
34003085013,5
34003115201,5
34003255019,5
34003245005,5
34003067007,5
34003195010,8
34003345003,5
34003285003,5
34003115301,5
34003210003,9
34003030014,5
34003015009,5
34003230013,5
34003115303,5
34003305006,5
34003110005,5
34003030015,5
34003095017,5
34003275001,5
34003285011,5
34003025004,5
34003115401,5
34003065002,5
34003165004,9
34003230011,5
34003030011,5
34003165014,9
34003305003,5
34003075401,5
34005950010,1